<?xml version="1.0" encoding="UTF-8"?>
<kml xmlns="http://www.opengis.net/kml/2.2">
<Document>
	<name>~Towers &gt; 1000 AGL Duke</name>
	<description>2SM ring surrounding all towers within 150NM radius of Duke University Medical Center that are &gt; 1000' AGL.</description>
	<Style id="redCircle">
		<LineStyle>
			<color>ff0000ff</color>
			<width>2</width>
		</LineStyle>
		<PolyStyle>
			<color>802e00ff</color>
			<fill>0</fill>
		</PolyStyle>
	</Style>
	<Placemark>
		<name>WINNABOW (37-000847)</name>
		<styleUrl>#redCircle</styleUrl>
		<Polygon>
			<outerBoundaryIs>
				<LinearRing>
					<coordinates>
						-78.1876388888889,34.16055714501688,0 -78.18156445003204,34.160117240180924,0 -78.17567476496212,34.15881090546734,0 -78.1701489514607,34.15667787208801,0 -78.16515502925189,34.153783010759184,0 -78.16084480024286,34.150214353438955,0 -78.15734922837714,34.146080409695685,0 -78.15477446041099,34.141506860315886,0 -78.1531986085054,34.136632729749124,0 -78.15266939144234,34.13160615475144,0 -78.15320270436233,34.12657987865872,0 -78.15478215810437,34.12170660875453,0 -78.15735959945206,34.117134377986396,0 -78.16085659379505,34.11300205175996,0 -78.16516682280509,34.109435115765386,0 -78.17015932253815,34.10654187195375,0 -78.1756824626584,34.10441015718665,0 -78.18156854589085,34.103104683136145,0 -78.1876388888889,34.102665077205344,0 -78.19370923188694,34.103104683136145,0 -78.1995953151194,34.10441015718665,0 -78.20511845523964,34.10654187195375,0 -78.2101109549727,34.109435115765386,0 -78.21442118398275,34.11300205175996,0 -78.21791817832573,34.117134377986396,0 -78.22049561967343,34.12170660875453,0 -78.22207507341547,34.12657987865872,0 -78.22260838633545,34.13160615475144,0 -78.22207916927239,34.136632729749124,0 -78.22050331736682,34.141506860315886,0 -78.21792854940065,34.146080409695685,0 -78.21443297753494,34.150214353438955,0 -78.2101227485259,34.153783010759184,0 -78.2051288263171,34.15667787208801,0 -78.19960301281567,34.15881090546734,0 -78.19371332774577,34.160117240180924,0 -78.1876388888889,34.16055714501688,0
					</coordinates>
				</LinearRing>
			</outerBoundaryIs>
		</Polygon>
	</Placemark>
	<Placemark>
		<name>DELCO (37-000092)</name>
		<styleUrl>#redCircle</styleUrl>
		<Polygon>
			<outerBoundaryIs>
				<LinearRing>
					<coordinates>
						-78.22816388888889,34.350401589461335,0 -78.22207572788514,34.34996168355603,0 -78.21617273935294,34.348655345763554,0 -78.21063444682613,34.34652230766746,0 -78.20562925033498,34.34362744055343,0 -78.20130929495393,34.34005877707784,0 -78.19780584015533,34.33592482755186,0 -78.19522527160667,34.33135127345968,0 -78.19364587657736,34.32647713981923,0 -78.19311547997206,34.32145056375704,0 -78.19365001102909,34.31642428873704,0 -78.19523304183457,34.311551021913054,0 -78.19781630895575,34.30697879586084,0 -78.20132119963549,34.30284647541722,0 -78.20564115501756,34.299279545575054,0 -78.21064491562915,34.296386307543756,0 -78.2161805095838,34.29425459748822,0 -78.22207986233879,34.2929491265127,0 -78.22816388888889,34.292509521649784,0 -78.23424791543898,34.2929491265127,0 -78.24014726819398,34.29425459748822,0 -78.24568286214863,34.296386307543756,0 -78.25068662276021,34.299279545575054,0 -78.25500657814229,34.30284647541722,0 -78.25851146882202,34.30697879586084,0 -78.2610947359432,34.311551021913054,0 -78.26267776674868,34.31642428873704,0 -78.26321229780571,34.32145056375704,0 -78.26268190120041,34.32647713981923,0 -78.2611025061711,34.33135127345968,0 -78.25852193762245,34.33592482755186,0 -78.25501848282384,34.34005877707784,0 -78.2506985274428,34.34362744055343,0 -78.24569333095164,34.34652230766746,0 -78.24015503842482,34.348655345763554,0 -78.23425204989263,34.34996168355603,0 -78.22816388888889,34.350401589461335,0
					</coordinates>
				</LinearRing>
			</outerBoundaryIs>
		</Polygon>
	</Placemark>
	<Placemark>
		<name>N TOPSAIL BEACH (37-001127)</name>
		<styleUrl>#redCircle</styleUrl>
		<Polygon>
			<outerBoundaryIs>
				<LinearRing>
					<coordinates>
						-77.48833333333333,34.52394603390577,0 -77.48223251528552,34.523506127018706,0 -77.47631725589551,34.522199786399455,0 -77.4707674529549,34.520066743972876,0 -77.46575185728084,34.5171718715474,0 -77.46142293047856,34.513603202420505,0 -77.45791220461058,34.50946924758539,0 -77.4553262857118,34.50489568916677,0 -77.45374362256858,34.50002155270437,0 -77.45321213797162,34.494994975664866,0 -77.4537477926109,34.48996870162974,0 -77.45533412282809,34.48509543763373,0 -77.45792276352948,34.48052321591126,0 -77.4614349376391,34.476390900776885,0 -77.4657638644424,34.47282397658328,0 -77.47077801187642,34.46993074385892,0 -77.47632509301478,34.467799038129066,0 -77.48223668532975,34.466493569976706,0 -77.48833333333333,34.46605396609423,0 -77.49442998133689,34.466493569976706,0 -77.50034157365188,34.467799038129066,0 -77.50588865479023,34.46993074385892,0 -77.51090280222427,34.47282397658328,0 -77.51523172902756,34.476390900776885,0 -77.51874390313716,34.48052321591126,0 -77.52133254383857,34.48509543763373,0 -77.52291887405576,34.48996870162974,0 -77.52345452869504,34.494994975664866,0 -77.52292304409806,34.50002155270437,0 -77.52134038095485,34.50489568916677,0 -77.51875446205607,34.50946924758539,0 -77.51524373618808,34.513603202420505,0 -77.51091480938581,34.5171718715474,0 -77.50589921371176,34.520066743972876,0 -77.50034941077115,34.522199786399455,0 -77.49443415138114,34.523506127018706,0 -77.48833333333333,34.52394603390577,0
					</coordinates>
				</LinearRing>
			</outerBoundaryIs>
		</Polygon>
	</Placemark>
	<Placemark>
		<name>LUMBERTON (37-000997)</name>
		<styleUrl>#redCircle</styleUrl>
		<Polygon>
			<outerBoundaryIs>
				<LinearRing>
					<coordinates>
						-79.045,34.80950158946133,0 -79.03887811811346,34.80906168094988,0 -79.03294243757483,34.807755335653624,0 -79.02737347901463,34.805622286062075,0 -79.02234057702871,34.8027274048486,0 -79.01799671999247,34.799158726371466,0 -79.01447389361267,34.7950247627522,0 -79.01187907065987,34.790451197175365,0 -79.01029096871736,34.78557705604399,0 -79.00975767347836,34.780550477387564,0 -79.01029519797561,34.77552420498204,0 -79.01188701906574,34.770650945665025,0 -79.01448460247165,34.76607873110626,0 -79.01800889765858,34.76194642475619,0 -79.02235275469587,34.75837950990828,0 -79.0273841878763,34.75548628596438,0 -79.03295038598377,34.7533545873915,0 -79.0388823473737,34.75204912391012,0 -79.045,34.751609521649776,0 -79.05111765262632,34.75204912391012,0 -79.05704961401625,34.7533545873915,0 -79.06261581212372,34.75548628596438,0 -79.06764724530413,34.75837950990828,0 -79.07199110234144,34.76194642475619,0 -79.07551539752836,34.76607873110626,0 -79.07811298093428,34.770650945665025,0 -79.07970480202441,34.77552420498204,0 -79.08024232652166,34.780550477387564,0 -79.07970903128266,34.78557705604399,0 -79.07812092934014,34.790451197175365,0 -79.07552610638734,34.7950247627522,0 -79.07200328000755,34.799158726371466,0 -79.0676594229713,34.8027274048486,0 -79.06262652098539,34.805622286062075,0 -79.05705756242517,34.807755335653624,0 -79.05112188188656,34.80906168094988,0 -79.045,34.80950158946133,0
					</coordinates>
				</LinearRing>
			</outerBoundaryIs>
		</Polygon>
	</Placemark>
	<Placemark>
		<name>RENNART (37-001791)</name>
		<styleUrl>#redCircle</styleUrl>
		<Polygon>
			<outerBoundaryIs>
				<LinearRing>
					<coordinates>
						-79.044775,34.82641825612799,0 -79.03865186092276,34.825978347519964,0 -79.03271496155226,34.82467200194562,0 -79.02714485969297,34.82253895192805,0 -79.02211092478345,34.819644070192076,0 -79.01776617663924,34.81607539115898,0 -79.01424262804282,34.81194142701743,0 -79.01164727365324,34.80736786101498,0 -79.01005884709691,34.802493719606,0 -79.00952544378993,34.797467140853435,0 -79.01006307988904,34.7924408685448,0 -79.0116552287006,34.78756760950599,0 -79.01425334584987,34.78299539537317,0 -79.01777836448073,34.77886308954539,0 -79.02212311262598,34.77529617525315,0 -79.0271555775027,34.77240295183134,0 -79.0327229166027,34.77027125368399,0 -79.03865609371687,34.76896579048033,0 -79.044775,34.76852618831644,0 -79.05089390628314,34.76896579048033,0 -79.05682708339732,34.77027125368399,0 -79.06239442249732,34.77240295183134,0 -79.06742688737404,34.77529617525315,0 -79.07177163551928,34.77886308954539,0 -79.07529665415015,34.78299539537317,0 -79.07789477129941,34.78756760950599,0 -79.07948692011098,34.7924408685448,0 -79.08002455621009,34.797467140853435,0 -79.07949115290309,34.802493719606,0 -79.07790272634678,34.80736786101498,0 -79.0753073719572,34.81194142701743,0 -79.07178382336078,34.81607539115898,0 -79.06743907521657,34.819644070192076,0 -79.06240514030705,34.82253895192805,0 -79.05683503844774,34.82467200194562,0 -79.05089813907725,34.825978347519964,0 -79.044775,34.82641825612799,0
					</coordinates>
				</LinearRing>
			</outerBoundaryIs>
		</Polygon>
	</Placemark>
	<Placemark>
		<name>TRENTON (37-000800)</name>
		<styleUrl>#redCircle</styleUrl>
		<Polygon>
			<outerBoundaryIs>
				<LinearRing>
					<coordinates>
						-77.33638888888889,35.13339047835022,0 -77.33024275330742,35.132950567982654,0 -77.32428355909087,35.13164421734214,0 -77.3186925440293,35.12951115956344,0 -77.31363971490302,35.12661626830828,0 -77.30927866663019,35.123047579146984,0 -77.30574190726078,35.11891360549047,0 -77.3031368318388,35.11434003173428,0 -77.30154246745103,35.10946588526795,0 -77.30100708736354,35.104439304764014,0 -77.30154676487922,35.099413034220625,0 -77.30314490836228,35.09453978025017,0 -77.30575278873216,35.089967573877104,0 -77.30929104058391,35.08583527756446,0 -77.31365208885784,35.082268373395436,0 -77.31870342550344,35.079375159484556,0 -77.32429163561748,35.077243469089574,0 -77.33024705073767,35.07593801094547,0 -77.33638888888889,35.075498410538664,0 -77.34253072704013,35.07593801094547,0 -77.3484861421603,35.077243469089574,0 -77.35407435227434,35.079375159484556,0 -77.35912568891995,35.082268373395436,0 -77.36348673719388,35.08583527756446,0 -77.36702498904562,35.089967573877104,0 -77.3696328694155,35.09453978025017,0 -77.37123101289856,35.099413034220625,0 -77.37177069041425,35.104439304764014,0 -77.37123531032677,35.10946588526795,0 -77.369640945939,35.11434003173428,0 -77.367035870517,35.11891360549047,0 -77.3634991111476,35.123047579146984,0 -77.35913806287476,35.12661626830828,0 -77.35408523374849,35.12951115956344,0 -77.34849421868692,35.13164421734214,0 -77.34253502447037,35.132950567982654,0 -77.33638888888889,35.13339047835022,0
					</coordinates>
				</LinearRing>
			</outerBoundaryIs>
		</Polygon>
	</Placemark>
	<Placemark>
		<name>GRANTSBORO (37-000633)</name>
		<styleUrl>#redCircle</styleUrl>
		<Polygon>
			<outerBoundaryIs>
				<LinearRing>
					<coordinates>
						-76.87388888888889,35.16172381168355,0 -76.86774061312515,35.16128390115292,0 -76.86177934402653,35.15997755004288,0 -76.85618638266631,35.157844491544886,0 -76.85113179513932,35.1549495994075,0 -76.846769229886,35.151380909307534,0 -76.84323124104861,35.14724693476919,0 -76.84062526093327,35.142673360294395,0 -76.83903034393776,35.13779921335938,0 -76.83849477987992,35.13277263269312,0 -76.83903464738098,35.12774636231333,0 -76.84063334876132,35.12287310881262,0 -76.84324213775062,35.1183009031587,0 -76.84678162115935,35.11416860772791,0 -76.85114418641378,35.110601704497086,0 -76.85619727937109,35.10770849146766,0 -76.86178743185775,35.10557680179115,0 -76.86774491657044,35.10427134411596,0 -76.87388888888889,35.103831743872,0 -76.88003286120733,35.10427134411596,0 -76.88599034592002,35.10557680179115,0 -76.89158049840668,35.10770849146766,0 -76.896633591364,35.110601704497086,0 -76.90099615661842,35.11416860772791,0 -76.90453564002715,35.1183009031587,0 -76.90714442901645,35.12287310881262,0 -76.90874313039679,35.12774636231333,0 -76.90928299789785,35.13277263269312,0 -76.90874743384,35.13779921335938,0 -76.9071525168445,35.142673360294395,0 -76.90454653672916,35.14724693476919,0 -76.90100854789178,35.151380909307534,0 -76.89664598263845,35.1549495994075,0 -76.89159139511146,35.157844491544886,0 -76.88599843375124,35.15997755004288,0 -76.88003716465262,35.16128390115292,0 -76.87388888888889,35.16172381168355,0
					</coordinates>
				</LinearRing>
			</outerBoundaryIs>
		</Polygon>
	</Placemark>
	<Placemark>
		<name>NEW BERN (37-001104)</name>
		<styleUrl>#redCircle</styleUrl>
		<Polygon>
			<outerBoundaryIs>
				<LinearRing>
					<coordinates>
						-77.18688888888889,35.229668256127994,0 -77.18073546867139,35.229228345205854,0 -77.17476921208403,35.22792199296854,0 -77.16917157231688,35.22578893274361,0 -77.16411275804187,35.22289403848812,0 -77.15974654635322,35.219325346134525,0 -77.15620560218753,35.215191369479015,0 -77.15359744741934,35.210617793278956,0 -77.15200120209538,35.20574364521863,0 -77.15146519581958,35.20071706416269,0 -77.15200551999715,35.19569079417569,0 -77.15360556242054,35.190817541802744,0 -77.1562165354998,35.186245337875455,0 -77.15975897925823,35.18211304456187,0 -77.16412519094797,35.17854614358355,0 -77.16918250563194,35.175652932670396,0 -77.17477732708839,35.17352124471885,0 -77.1807397865752,35.172215788169446,0 -77.18688888888889,35.17177618831646,0 -77.19303799120256,35.172215788169446,0 -77.19900045068938,35.17352124471885,0 -77.20459527214582,35.175652932670396,0 -77.2096525868298,35.17854614358355,0 -77.21401879851955,35.18211304456187,0 -77.21756124227797,35.186245337875455,0 -77.22017221535722,35.190817541802744,0 -77.22177225778063,35.19569079417569,0 -77.22231258195819,35.20071706416269,0 -77.22177657568238,35.20574364521863,0 -77.22018033035842,35.210617793278956,0 -77.21757217559025,35.215191369479015,0 -77.21403123142456,35.219325346134525,0 -77.20966501973591,35.22289403848812,0 -77.20460620546088,35.22578893274361,0 -77.19900856569375,35.22792199296854,0 -77.19304230910637,35.229228345205854,0 -77.18688888888889,35.229668256127994,0
					</coordinates>
				</LinearRing>
			</outerBoundaryIs>
		</Polygon>
	</Placemark>
	<Placemark>
		<name>CHARLOTTE (37-000298)</name>
		<styleUrl>#redCircle</styleUrl>
		<Polygon>
			<outerBoundaryIs>
				<LinearRing>
					<coordinates>
						-80.68666666666667,35.28089047835022,0 -80.6805093567048,35.28045056713248,0 -80.67453932905504,35.27914421404409,0 -80.66893815192361,35.27701115251534,0 -80.66387614178561,35.2741162566607,0 -80.659507173011,35.27054756260564,0 -80.65596399430841,35.26641358435169,0 -80.65335419527557,35.261840006849056,0 -80.6517569455965,35.25696585793915,0 -80.65122060495769,35.251939276589006,0 -80.65176127443034,35.246913006898566,0 -80.65336233082236,35.24203975537707,0 -80.65597495530172,35.237467552753365,0 -80.65951963739371,35.23333526103825,0 -80.66388860616942,35.22976836176056,0 -80.66894911291972,35.22687515244515,0 -80.67454746460503,35.22474346579593,0 -80.68051368554073,35.22343801009649,0 -80.68666666666667,35.22299841053868,0 -80.69281964779262,35.22343801009649,0 -80.69878586872831,35.22474346579593,0 -80.70438422041362,35.22687515244515,0 -80.70944472716391,35.22976836176056,0 -80.71381369593962,35.23333526103825,0 -80.71735837803162,35.237467552753365,0 -80.71997100251097,35.24203975537707,0 -80.72157205890299,35.246913006898566,0 -80.72211272837566,35.251939276589006,0 -80.72157638773683,35.25696585793915,0 -80.71997913805778,35.261840006849056,0 -80.71736933902493,35.26641358435169,0 -80.71382616032234,35.27054756260564,0 -80.70945719154773,35.2741162566607,0 -80.70439518140972,35.27701115251534,0 -80.6987940042783,35.27914421404409,0 -80.69282397662853,35.28045056713248,0 -80.68666666666667,35.28089047835022,0
					</coordinates>
				</LinearRing>
			</outerBoundaryIs>
		</Polygon>
	</Placemark>
	<Placemark>
		<name>CHARLOTTE (37-000012)</name>
		<styleUrl>#redCircle</styleUrl>
		<Polygon>
			<outerBoundaryIs>
				<LinearRing>
					<coordinates>
						-80.72681666666666,35.29035436723911,0 -80.72065863695309,35.28991445596671,0 -80.71468791151237,35.28860810272096,0 -80.70908607983306,35.28647504095114,0 -80.70402347833799,35.2835801448008,0 -80.69965399939687,35.28001145043114,0 -80.69611040721938,35.275877471881635,0 -80.69350030393458,35.271303894138164,0 -80.69190286841136,35.266429745071164,0 -80.69136646590259,35.26140316366662,0 -80.69190719926806,35.25637689403102,0 -80.69350844328311,35.25150364266696,0 -80.69612137333473,35.246931440284285,0 -80.69966646960417,35.242799148864734,0 -80.70403594854638,35.23923224990148,0 -80.7090970459512,35.2363390408815,0 -80.71469605086406,35.23420735447308,0 -80.72066296781188,35.2329018989308,0 -80.72681666666666,35.23246229942755,0 -80.73297036552145,35.2329018989308,0 -80.73893728246925,35.23420735447308,0 -80.74453628738212,35.2363390408815,0 -80.74959738478694,35.23923224990148,0 -80.75396686372915,35.242799148864734,0 -80.7575119599986,35.246931440284285,0 -80.76012489005022,35.25150364266696,0 -80.76172613406526,35.25637689403102,0 -80.76226686743074,35.26140316366662,0 -80.76173046492195,35.266429745071164,0 -80.76013302939874,35.271303894138164,0 -80.75752292611394,35.275877471881635,0 -80.75397933393644,35.28001145043114,0 -80.74960985499533,35.2835801448008,0 -80.74454725350026,35.28647504095114,0 -80.73894542182096,35.28860810272096,0 -80.73297469638023,35.28991445596671,0 -80.72681666666666,35.29035436723911,0
					</coordinates>
				</LinearRing>
			</outerBoundaryIs>
		</Polygon>
	</Placemark>
	<Placemark>
		<name>CHARLOTTE (37-000115)</name>
		<styleUrl>#redCircle</styleUrl>
		<Polygon>
			<outerBoundaryIs>
				<LinearRing>
					<coordinates>
						-80.73444444444445,35.296168256127984,0 -80.72828597240377,35.29572834482202,0 -80.722314818132,35.294421991479574,0 -80.71671258419693,35.292288929561614,0 -80.71164961928032,35.28939403322961,0 -80.70727982681376,35.28582533866665,0 -80.70373598053312,35.28169135993554,0 -80.70112569026874,35.277117782044094,0 -80.69952814053403,35.27224363288057,0 -80.69899170000275,35.2672170514426,0 -80.69953247263388,35.2621907818407,0 -80.70113383195363,35.25731753057335,0 -80.70374694979625,35.252745328338776,0 -80.70729230060059,35.24861303710083,0 -80.71166209306824,35.245046138330785,0 -80.71672355346284,35.24215292949233,0 -80.72232295982008,35.240021243231865,0 -80.7282903045057,35.23871578778615,0 -80.73444444444445,35.23827618831645,0 -80.74059858438318,35.23871578778615,0 -80.74656592906882,35.240021243231865,0 -80.75216533542604,35.24215292949233,0 -80.75722679582064,35.245046138330785,0 -80.76159658828831,35.24861303710083,0 -80.76514193909263,35.252745328338776,0 -80.76775505693527,35.25731753057335,0 -80.76935641625502,35.2621907818407,0 -80.76989718888615,35.2672170514426,0 -80.76936074835487,35.27224363288057,0 -80.76776319862016,35.277117782044094,0 -80.76515290835576,35.28169135993554,0 -80.76160906207512,35.28582533866665,0 -80.75723926960858,35.28939403322961,0 -80.75217630469197,35.292288929561614,0 -80.74657407075689,35.294421991479574,0 -80.74060291648512,35.29572834482202,0 -80.73444444444445,35.296168256127984,0
					</coordinates>
				</LinearRing>
			</outerBoundaryIs>
		</Polygon>
	</Placemark>
	<Placemark>
		<name>HARRISBURG (37-001412)</name>
		<styleUrl>#redCircle</styleUrl>
		<Polygon>
			<outerBoundaryIs>
				<LinearRing>
					<coordinates>
						-80.69555555555556,35.31644603390577,0 -80.68939553976516,35.31600612248263,0 -80.68342288884578,35.31469976880283,0 -80.6778192510125,35.312566706368074,0 -80.67275501773165,35.3096718094022,0 -80.66838413104131,35.306103114164806,0 -80.66483939792458,35.30196913480012,0 -80.66222845508949,35.29739555639236,0 -80.66063050674944,35.29252140689208,0 -80.66009393351719,35.2874948253375,0 -80.66063484318798,35.28246855585315,0 -80.66223660492845,35.27759530492331,0 -80.66485037817367,35.27302310320545,0 -80.6683966173209,35.2688908126011,0 -80.67276750401233,35.26532391450514,0 -80.67783023126435,35.26243070629999,0 -80.68343103868793,35.260299020555735,0 -80.68939987620578,35.25899356544693,0 -80.69555555555556,35.258553966094226,0 -80.70171123490535,35.25899356544693,0 -80.7076800724232,35.260299020555735,0 -80.71328087984678,35.26243070629999,0 -80.7183436070988,35.26532391450514,0 -80.72271449379024,35.2688908126011,0 -80.72626073293746,35.27302310320545,0 -80.72887450618268,35.27759530492331,0 -80.73047626792315,35.28246855585315,0 -80.73101717759394,35.2874948253375,0 -80.73048060436169,35.29252140689208,0 -80.72888265602164,35.29739555639236,0 -80.72627171318655,35.30196913480012,0 -80.72272698006982,35.306103114164806,0 -80.71835609337948,35.3096718094022,0 -80.71329186009864,35.312566706368074,0 -80.70768822226535,35.31469976880283,0 -80.70171557134597,35.31600612248263,0 -80.69555555555556,35.31644603390577,0
					</coordinates>
				</LinearRing>
			</outerBoundaryIs>
		</Polygon>
	</Placemark>
	<Placemark>
		<name>DALLAS (37-001173)</name>
		<styleUrl>#redCircle</styleUrl>
		<Polygon>
			<outerBoundaryIs>
				<LinearRing>
					<coordinates>
						-81.17055555555557,35.375890478350215,0 -81.1643910053369,35.37545056658327,0 -81.15841395834148,35.37414421191355,0 -81.15280619686327,35.37201114796228,0 -81.14773823803904,35.369116249136376,0 -81.14336413730497,35.36554755191996,0 -81.13981679930056,35.36141357069608,0 -81.13720393968137,35.35683999077328,0 -81.13560482052503,35.35196584028483,0 -81.13506785751267,35.34693925838804,0 -81.13560916970755,35.341912989248634,0 -81.13721211347116,35.337039739309155,0 -81.13982781181853,35.33246753910753,0 -81.1433766602794,35.3283352503624,0 -81.14775076101456,35.32476835424447,0 -81.15281720938405,35.32187514789772,0 -81.15842213213449,35.319743463668246,0 -81.1643953545215,35.31843800954804,0 -81.17055555555557,35.317998410538664,0 -81.17671575658964,35.31843800954804,0 -81.18268897897666,35.319743463668246,0 -81.18829390172709,35.32187514789772,0 -81.19336035009658,35.32476835424447,0 -81.19773445083175,35.3283352503624,0 -81.20128329929261,35.33246753910753,0 -81.20389899763998,35.337039739309155,0 -81.2055019414036,35.341912989248634,0 -81.20604325359848,35.34693925838804,0 -81.20550629058611,35.35196584028483,0 -81.20390717142978,35.35683999077328,0 -81.20129431181059,35.36141357069608,0 -81.19774697380618,35.36554755191996,0 -81.19337287307211,35.369116249136376,0 -81.18830491424787,35.37201114796228,0 -81.18269715276966,35.37414421191355,0 -81.17672010577425,35.37545056658327,0 -81.17055555555557,35.375890478350215,0
					</coordinates>
				</LinearRing>
			</outerBoundaryIs>
		</Polygon>
	</Placemark>
	<Placemark>
		<name>CONCORD (37-001420)</name>
		<styleUrl>#redCircle</styleUrl>
		<Polygon>
			<outerBoundaryIs>
				<LinearRing>
					<coordinates>
						-80.61011111111111,35.387473811683556,0 -80.60394567576446,35.387033899849555,0 -80.59796777064767,35.385727544986764,0 -80.59235920422711,35.38359448073974,0 -80.58729051817059,35.38069958155107,0 -80.58291579004985,35.37713088394868,0 -80.57936794356704,35.3729969023622,0 -80.57675470978839,35.36842332214391,0 -80.57515536208676,35.36354917146273,0 -80.57461832298867,35.35852258949922,0 -80.57515971375693,35.35349632042709,0 -80.57676288825346,35.34862307068076,0 -80.57937896238396,35.34405087077484,0 -80.5829283201872,35.33991858239232,0 -80.58730304830905,35.33635168666017,0 -80.59237022304686,35.333458480675866,0 -80.59797594911596,35.33132679674182,0 -80.60395002743674,35.330021342814426,0 -80.61011111111111,35.32958174387201,0 -80.61627219478548,35.330021342814426,0 -80.62224627310626,35.33132679674182,0 -80.62785199917535,35.333458480675866,0 -80.63291917391317,35.33635168666017,0 -80.63729390203503,35.33991858239232,0 -80.64084325983825,35.34405087077484,0 -80.64345933396876,35.34862307068076,0 -80.64506250846527,35.35349632042709,0 -80.64560389923355,35.35852258949922,0 -80.64506686013544,35.36354917146273,0 -80.64346751243383,35.36842332214391,0 -80.64085427865518,35.3729969023622,0 -80.63730643217235,35.37713088394868,0 -80.63293170405161,35.38069958155107,0 -80.6278630179951,35.38359448073974,0 -80.62225445157453,35.385727544986764,0 -80.61627654645774,35.387033899849555,0 -80.61011111111111,35.387473811683556,0
					</coordinates>
				</LinearRing>
			</outerBoundaryIs>
		</Polygon>
	</Placemark>
	<Placemark>
		<name>DALLAS (37-001067)</name>
		<styleUrl>#redCircle</styleUrl>
		<Polygon>
			<outerBoundaryIs>
				<LinearRing>
					<coordinates>
						-81.155,35.39144603390577,0 -81.14883426100371,35.39100612204877,0 -81.14285606150207,35.38969976711978,0 -81.13724721894012,35.38756670277129,0 -81.13217828340123,35.384671803458204,0 -81.12780334005087,35.381103105723426,0 -81.1242553191308,35.37696912401258,0 -81.121641956994,35.372395543692946,0 -81.12004253088823,35.36752139294566,0 -81.11950546568838,35.36249481095926,0 -81.12004688341182,35.3574685419102,0 -81.12165013706294,35.35259529223012,0 -81.12426634010863,35.34802309242563,0 -81.12781587264551,35.343890804167486,0 -81.13219081599698,35.34032390856765,0 -81.13725823992078,35.337430702707664,0 -81.14286424157424,35.33529901887494,0 -81.14883861352938,35.333993565013685,0 -81.155,35.333553966094236,0 -81.16116138647062,35.333993565013685,0 -81.16713575842577,35.33529901887494,0 -81.17274176007922,35.337430702707664,0 -81.17780918400302,35.34032390856765,0 -81.1821841273545,35.343890804167486,0 -81.18573365989137,35.34802309242563,0 -81.18834986293706,35.35259529223012,0 -81.18995311658819,35.3574685419102,0 -81.19049453431163,35.36249481095926,0 -81.18995746911177,35.36752139294566,0 -81.188358043006,35.372395543692946,0 -81.1857446808692,35.37696912401258,0 -81.18219665994913,35.381103105723426,0 -81.17782171659877,35.384671803458204,0 -81.17275278105988,35.38756670277129,0 -81.16714393849793,35.38969976711978,0 -81.1611657389963,35.39100612204877,0 -81.155,35.39144603390577,0
					</coordinates>
				</LinearRing>
			</outerBoundaryIs>
		</Polygon>
	</Placemark>
	<Placemark>
		<name>DALLAS (37-000949)</name>
		<styleUrl>#redCircle</styleUrl>
		<Polygon>
			<outerBoundaryIs>
				<LinearRing>
					<coordinates>
						-81.18666666666667,35.39311270057244,0 -81.18050080024719,35.39267278870578,0 -81.17452247721026,35.391366433749,0 -81.16891351876863,35.38923336935795,0 -81.16384447853726,35.386338469992644,0 -81.15946944486821,35.38276977220232,0 -81.15592135074748,35.37863579043929,0 -81.1533079347466,35.374062210077135,0 -81.15170847573943,35.36918805930211,0 -81.15117139958626,35.364161477306105,0 -81.15171282862114,35.35913520826673,0 -81.15331611548862,35.354261958614444,0 -81.15593237263212,35.34968975885252,0 -81.15948197849401,35.345557470646554,0 -81.16385701216419,35.341990575102244,0 -81.1689245406561,35.33909736929442,0 -81.17453065795546,35.33696568550422,0 -81.18050515313098,35.33566023167071,0 -81.18666666666667,35.3352206327609,0 -81.19282818020234,35.33566023167071,0 -81.19880267537786,35.33696568550422,0 -81.20440879267723,35.33909736929442,0 -81.20947632116915,35.341990575102244,0 -81.21385135483932,35.345557470646554,0 -81.21740096070121,35.34968975885252,0 -81.2200172178447,35.354261958614444,0 -81.22162050471218,35.35913520826673,0 -81.22216193374706,35.364161477306105,0 -81.2216248575939,35.36918805930211,0 -81.22002539858671,35.374062210077135,0 -81.21741198258584,35.37863579043929,0 -81.21386388846513,35.38276977220232,0 -81.20948885479606,35.386338469992644,0 -81.20441981456469,35.38923336935795,0 -81.19881085612307,35.391366433749,0 -81.19283253308615,35.39267278870578,0 -81.18666666666667,35.39311270057244,0
					</coordinates>
				</LinearRing>
			</outerBoundaryIs>
		</Polygon>
	</Placemark>
	<Placemark>
		<name>GRIFTON (37-000718)</name>
		<styleUrl>#redCircle</styleUrl>
		<Polygon>
			<outerBoundaryIs>
				<LinearRing>
					<coordinates>
						-77.39294444444445,35.39447381168355,0 -77.38677847395493,35.39403389980901,0 -77.3808000500233,35.39272754482954,0 -77.37519099693957,35.39059448040373,0 -77.37012187120293,35.38769958099578,0 -77.36574676376809,35.38413088316009,0 -77.36219860986236,35.37999690135444,0 -77.35958514986923,35.37542332095754,0 -77.35798566399055,35.370549170159876,0 -77.3574485788915,35.36552258815602,0 -77.35799001716475,35.36049631912454,0 -77.35959333116094,35.35562306949497,0 -77.36220963248762,35.351050869767796,0 -77.36575929823609,35.346918581604456,0 -77.37013440567203,35.3433516861055,0 -77.37520201956764,35.34045848034027,0 -77.38080823131821,35.338326796584795,0 -77.38678282713123,35.33702134277395,0 -77.39294444444445,35.33658174387201,0 -77.39910606175769,35.33702134277395,0 -77.4050806575707,35.338326796584795,0 -77.41068686932128,35.34045848034027,0 -77.41575448321689,35.3433516861055,0 -77.42012959065283,35.346918581604456,0 -77.4236792564013,35.351050869767796,0 -77.42629555772798,35.35562306949497,0 -77.42789887172417,35.36049631912454,0 -77.42844030999741,35.36552258815602,0 -77.42790322489837,35.370549170159876,0 -77.42630373901969,35.37542332095754,0 -77.42369027902656,35.37999690135444,0 -77.42014212512083,35.38413088316009,0 -77.415767017686,35.38769958099578,0 -77.41069789194935,35.39059448040373,0 -77.40508883886562,35.39272754482954,0 -77.39911041493399,35.39403389980901,0 -77.39294444444445,35.39447381168355,0
					</coordinates>
				</LinearRing>
			</outerBoundaryIs>
		</Polygon>
	</Placemark>
	<Placemark>
		<name>GOLDSBORO (37-001119)</name>
		<styleUrl>#redCircle</styleUrl>
		<Polygon>
			<outerBoundaryIs>
				<LinearRing>
					<coordinates>
						-78.13500000000002,35.42700158946133,0 -78.12883154036734,35.426561677398354,0 -78.12285070324006,35.42525532187633,0 -78.1172393865099,35.42312225661936,0 -78.11216821566191,35.42022735619198,0 -78.10779134389993,35.41665865727165,0 -78.10424176005911,35.41252467444703,0 -78.1016272478606,35.40795109321977,0 -78.10002711927041,35.403076941880514,0 -78.09948982020428,35.398050359689115,0 -78.10003147944039,35.3930240908467,0 -78.10163544230005,35.3881508417599,0 -78.10425280039829,35.38357864286374,0 -78.10780389851146,35.37944635571939,0 -78.11218077027453,35.375879461304535,0 -78.1172504268519,35.37298625655784,0 -78.12285889768275,35.37085457363257,0 -78.12883590053941,35.36954912036356,0 -78.13500000000002,35.369109521649776,0 -78.14116409946061,35.36954912036356,0 -78.14714110231728,35.37085457363257,0 -78.15274957314813,35.37298625655784,0 -78.15781922972549,35.375879461304535,0 -78.16219610148856,35.37944635571939,0 -78.16574719960174,35.38357864286374,0 -78.16836455769997,35.3881508417599,0 -78.16996852055964,35.3930240908467,0 -78.17051017979574,35.398050359689115,0 -78.16997288072962,35.403076941880514,0 -78.16837275213943,35.40795109321977,0 -78.16575823994091,35.41252467444703,0 -78.16220865610009,35.41665865727165,0 -78.15783178433811,35.42022735619198,0 -78.15276061349013,35.42312225661936,0 -78.14714929675996,35.42525532187633,0 -78.14116845963268,35.426561677398354,0 -78.13500000000002,35.42700158946133,0
					</coordinates>
				</LinearRing>
			</outerBoundaryIs>
		</Polygon>
	</Placemark>
	<Placemark>
		<name>ALEXIS (37-001120)</name>
		<styleUrl>#redCircle</styleUrl>
		<Polygon>
			<outerBoundaryIs>
				<LinearRing>
					<coordinates>
						-81.12963055555555,35.43630992279466,0 -81.1234613828797,35.435870010677746,0 -81.11747985446526,35.434563655000375,0 -81.11186788928798,35.43243058950544,0 -81.10679613259474,35.42953568878618,0 -81.10241875542133,35.4259669895553,0 -81.09886876195944,35.42183300643892,0 -81.0962539483448,35.417259424973935,0 -81.09465363564266,35.412385273479615,0 -81.09411627528323,35.40735869123452,0 -81.09465799781664,35.40233242244623,0 -81.09626214655059,35.39745917351485,0 -81.09887980737297,35.39288697485661,0 -81.10243131580322,35.38875468800401,0 -81.10680869297774,35.385187793899554,0 -81.11187893470435,35.38229458944448,0 -81.11748805267428,35.38016290675691,0 -81.1234657450558,35.37885745364302,0 -81.12963055555555,35.37841785498312,0 -81.1357953660553,35.37885745364302,0 -81.14177305843684,35.38016290675691,0 -81.14738217640677,35.38229458944448,0 -81.15245241813338,35.385187793899554,0 -81.1568297953079,35.38875468800401,0 -81.16038130373815,35.39288697485661,0 -81.16299896456053,35.39745917351485,0 -81.16460311329448,35.40233242244623,0 -81.16514483582789,35.40735869123452,0 -81.16460747546846,35.412385273479615,0 -81.16300716276632,35.417259424973935,0 -81.16039234915168,35.42183300643892,0 -81.15684235568979,35.4259669895553,0 -81.15246497851638,35.42953568878618,0 -81.14739322182314,35.43243058950544,0 -81.14178125664586,35.434563655000375,0 -81.1357997282314,35.435870010677746,0 -81.12963055555555,35.43630992279466,0
					</coordinates>
				</LinearRing>
			</outerBoundaryIs>
		</Polygon>
	</Placemark>
	<Placemark>
		<name>DENVER (37-001216)</name>
		<styleUrl>#redCircle</styleUrl>
		<Polygon>
			<outerBoundaryIs>
				<LinearRing>
					<coordinates>
						-81.0625,35.48339047835022,0 -81.05632721580386,35.48295056596023,0 -81.05034218606208,35.48164420949662,0 -81.04472693653975,35.4795111427972,0 -81.03965221257599,35.47661624060063,0 -81.03527227552446,35.47304753979792,0 -81.03172020735686,35.46891355520489,0 -81.02910386708795,35.4643399725366,0 -81.02750262186996,35.459465820257414,0 -81.02696495106382,35.454439237740544,0 -81.02750699419427,35.44941296922623,0 -81.02911208437011,35.444539721081426,0 -81.03173127847191,35.43996752362746,0 -81.03528486513304,35.435835238251535,0 -81.03966480218568,35.432268345718114,0 -81.04473800765764,35.429375142739055,0 -81.05035040334748,35.427243461254584,0 -81.05633158813029,35.4259380089259,0 -81.0625,35.42549841053868,0 -81.06866841186971,35.4259380089259,0 -81.0746495966525,35.427243461254584,0 -81.08026199234234,35.429375142739055,0 -81.0853351978143,35.432268345718114,0 -81.08971513486695,35.435835238251535,0 -81.09326872152808,35.43996752362746,0 -81.09588791562987,35.444539721081426,0 -81.09749300580573,35.44941296922623,0 -81.09803504893618,35.454439237740544,0 -81.09749737813003,35.459465820257414,0 -81.09589613291203,35.4643399725366,0 -81.09327979264314,35.46891355520489,0 -81.08972772447554,35.47304753979792,0 -81.08534778742401,35.47661624060063,0 -81.08027306346025,35.4795111427972,0 -81.07465781393792,35.48164420949662,0 -81.06867278419614,35.48295056596023,0 -81.0625,35.48339047835022,0
					</coordinates>
				</LinearRing>
			</outerBoundaryIs>
		</Polygon>
	</Placemark>
	<Placemark>
		<name>ENGLEHARD (37-002423)</name>
		<styleUrl>#redCircle</styleUrl>
		<Polygon>
			<outerBoundaryIs>
				<LinearRing>
					<coordinates>
						-76.00028888888889,35.51422381168355,0 -75.99411373493403,35.51378389911456,0 -75.98812640773846,35.512477542135535,0 -75.98250900313884,35.51034447464652,0 -75.97743233215151,35.507449571481516,0 -75.97305071539368,35.50388086964841,0 -75.96949728587367,35.49974688408738,0 -75.96687994386541,35.495173300630256,0 -75.96527808676176,35.49029914783659,0 -75.96474021225092,35.48527256514155,0 -75.96528246574644,35.48024629680683,0 -75.96688817366496,35.47537304917767,0 -75.96950837385339,35.47080085251314,0 -75.97306332418005,35.46666856810525,0 -75.977444940939,35.463101676601696,0 -75.98252009112142,35.46020847459023,0 -75.98813463754126,35.45807679389444,0 -75.99411811392083,35.45677134208047,0 -76.00028888888889,35.45633174387201,0 -76.00645966385694,35.45677134208047,0 -76.01244314023651,35.45807679389444,0 -76.01805768665636,35.46020847459023,0 -76.02313283683878,35.463101676601696,0 -76.02751445359775,35.46666856810525,0 -76.03106940392439,35.47080085251314,0 -76.03368960411282,35.47537304917767,0 -76.03529531203134,35.48024629680683,0 -76.03583756552686,35.48527256514155,0 -76.03529969101602,35.49029914783659,0 -76.03369783391237,35.495173300630256,0 -76.0310804919041,35.49974688408738,0 -76.0275270623841,35.50388086964841,0 -76.02314544562627,35.507449571481516,0 -76.01806877463893,35.51034447464652,0 -76.01245137003932,35.512477542135535,0 -76.00646404284375,35.51378389911456,0 -76.00028888888889,35.51422381168355,0
					</coordinates>
				</LinearRing>
			</outerBoundaryIs>
		</Polygon>
	</Placemark>
	<Placemark>
		<name>BROADWAY (37-001034)</name>
		<styleUrl>#redCircle</styleUrl>
		<Polygon>
			<outerBoundaryIs>
				<LinearRing>
					<coordinates>
						-78.97771944444445,35.541151589461336,0 -78.97154221794753,35.54071167673588,0 -78.96555288144627,35.53940531930641,0 -78.95993359206055,35.537272251127334,0 -78.95485521824659,35.53437734711594,0 -78.95047213245232,35.530808644382304,0 -78.9469175123216,35.52667465797527,0 -78.94429929421277,35.52210107382876,0 -78.9426969019666,35.517226920585436,0 -78.94215884929984,35.51220033773469,0 -78.94270128677634,35.507174069556946,0 -78.94430753495989,35.50230082237842,0 -78.94692861505092,35.49772862640385,0 -78.9504847580113,35.49359634284196,0 -78.95486784380672,35.490029452238495,0 -78.95994469479272,35.48713625107266,0 -78.96556112219663,35.485004571066135,0 -78.9715466027594,35.483699119702024,0 -78.97771944444445,35.483259521649785,0 -78.9838922861295,35.483699119702024,0 -78.98987776669227,35.485004571066135,0 -78.99549419409618,35.48713625107266,0 -79.00057104508218,35.490029452238495,0 -79.0049541308776,35.49359634284196,0 -79.00851027383798,35.49772862640385,0 -79.01113135392902,35.50230082237842,0 -79.01273760211255,35.507174069556946,0 -79.01328003958905,35.51220033773469,0 -79.01274198692231,35.517226920585436,0 -79.01113959467612,35.52210107382876,0 -79.00852137656729,35.52667465797527,0 -79.00496675643659,35.530808644382304,0 -79.00058367064231,35.53437734711594,0 -78.99550529682836,35.537272251127334,0 -78.98988600744264,35.53940531930641,0 -78.98389667094138,35.54071167673588,0 -78.97771944444445,35.541151589461336,0
					</coordinates>
				</LinearRing>
			</outerBoundaryIs>
		</Polygon>
	</Placemark>
	<Placemark>
		<name>MOORESVILLE (37-000900)</name>
		<styleUrl>#redCircle</styleUrl>
		<Polygon>
			<outerBoundaryIs>
				<LinearRing>
					<coordinates>
						-80.7961111111111,35.56144603390576,0 -80.78993232079613,35.56100612106235,0 -80.78394146819129,35.55969976329319,0 -80.7783207566571,35.55756669459372,0 -80.77324109799059,35.55467178994407,0 -80.76885690374802,35.551103086531334,0 -80.76530138525271,35.54696909948634,0 -80.76268250609007,35.542395514819944,0 -80.7610797100569,35.53752136123754,0 -80.76054152296423,35.53249477826937,0 -80.76108409926195,35.527468510209985,0 -80.76269075509762,35.522595263371315,0 -80.76531249911127,35.51802306791702,0 -80.76886954196274,35.51389078499312,0 -80.77325373620646,35.51032389506841,0 -80.77833187051853,35.50743069454027,0 -80.78394971720209,35.505299015053524,0 -80.7899367100033,35.50399356402865,0 -80.7961111111111,35.50355396609422,0 -80.8022855122189,35.50399356402865,0 -80.80827250502011,35.505299015053524,0 -80.81389035170368,35.50743069454027,0 -80.81896848601575,35.51032389506841,0 -80.82335268025946,35.51389078499312,0 -80.82690972311093,35.51802306791702,0 -80.82953146712458,35.522595263371315,0 -80.83113812296025,35.527468510209985,0 -80.83168069925797,35.53249477826937,0 -80.8311425121653,35.53752136123754,0 -80.82953971613213,35.542395514819944,0 -80.82692083696949,35.54696909948634,0 -80.82336531847419,35.551103086531334,0 -80.81898112423161,35.55467178994407,0 -80.81390146556511,35.55756669459372,0 -80.80828075403092,35.55969976329319,0 -80.80228990142608,35.56100612106235,0 -80.7961111111111,35.56144603390576,0
					</coordinates>
				</LinearRing>
			</outerBoundaryIs>
		</Polygon>
	</Placemark>
	<Placemark>
		<name>FARMVILLE (37-020137)</name>
		<styleUrl>#redCircle</styleUrl>
		<Polygon>
			<outerBoundaryIs>
				<LinearRing>
					<coordinates>
						-77.60132499999999,35.581996033905774,0 -77.59514462457743,35.58155612094283,0 -77.58915223522905,35.58024976282953,0 -77.58353008218555,35.57811669360286,0 -77.57844912117476,35.57522178830658,0 -77.5740638033937,35.57165308420585,0 -77.57050737430363,35.56751909651452,0 -77.56788782508774,35.56294551132143,0 -77.56628461977054,35.55807135739549,0 -77.56574629642192,35.553044774308376,0 -77.56628901343075,35.54801850636891,0 -77.56789608246825,35.54314525987453,0 -77.57051849944307,35.53857306494734,0 -77.57407645443656,35.5344407826698,0 -77.57846177221874,35.53087389343272,0 -77.58354120732785,35.52798069355064,0 -77.58916049261283,35.5258490145905,0 -77.59514901823978,35.524543563909305,0 -77.60132499999999,35.52410396609424,0 -77.60750098176021,35.524543563909305,0 -77.61348950738714,35.5258490145905,0 -77.61910879267212,35.52798069355064,0 -77.62418822778123,35.53087389343272,0 -77.62857354556341,35.5344407826698,0 -77.63213150055691,35.53857306494734,0 -77.63475391753173,35.54314525987453,0 -77.63636098656923,35.54801850636891,0 -77.63690370357807,35.553044774308376,0 -77.63636538022945,35.55807135739549,0 -77.63476217491224,35.56294551132143,0 -77.63214262569635,35.56751909651452,0 -77.62858619660628,35.57165308420585,0 -77.62420087882523,35.57522178830658,0 -77.61911991781444,35.57811669360286,0 -77.61349776477093,35.58024976282953,0 -77.60750537542255,35.58155612094283,0 -77.60132499999999,35.581996033905774,0
					</coordinates>
				</LinearRing>
			</outerBoundaryIs>
		</Polygon>
	</Placemark>
	<Placemark>
		<name>CHINA GROVE (37-002169)</name>
		<styleUrl>#redCircle</styleUrl>
		<Polygon>
			<outerBoundaryIs>
				<LinearRing>
					<coordinates>
						-80.62888333333332,35.62116547835022,0 -80.62269993215,35.62072556515928,0 -80.61670460936139,35.61941920638955,0 -80.6110797046672,35.61728613615724,0 -80.6059962576534,35.614391229627536,0 -80.60160879518602,35.61082252421447,0 -80.59805062789098,35.606688535290274,0 -80.5954297996321,35.60211494909254,0 -80.59382581304584,35.59724079451133,0 -80.59328722960267,35.5922142111973,0 -80.59383021521046,35.587187943486576,0 -80.59543807299569,35.582314697648926,0 -80.59806177456436,35.5777425037272,0 -80.60162147071637,35.57361022268255,0 -80.60600893318488,35.57004333475714,0 -80.61109085134346,35.567150136107394,0 -80.61671288272825,35.56501845815172,0 -80.62270433431675,35.563713008126086,0 -80.62888333333332,35.563273410538685,0 -80.63506233234989,35.563713008126086,0 -80.64105378393839,35.56501845815172,0 -80.64667581532318,35.567150136107394,0 -80.65175773348176,35.57004333475714,0 -80.65614519595027,35.57361022268255,0 -80.65970489210228,35.5777425037272,0 -80.66232859367095,35.582314697648926,0 -80.66393645145618,35.587187943486576,0 -80.66447943706397,35.5922142111973,0 -80.6639408536208,35.59724079451133,0 -80.66233686703454,35.60211494909254,0 -80.65971603877566,35.606688535290274,0 -80.65615787148063,35.61082252421447,0 -80.65177040901324,35.614391229627536,0 -80.64668696199944,35.61728613615724,0 -80.64106205730525,35.61941920638955,0 -80.63506673451664,35.62072556515928,0 -80.62888333333332,35.62116547835022,0
					</coordinates>
				</LinearRing>
			</outerBoundaryIs>
		</Polygon>
	</Placemark>
	<Placemark>
		<name>CLAYTON (37-000101)</name>
		<styleUrl>#redCircle</styleUrl>
		<Polygon>
			<outerBoundaryIs>
				<LinearRing>
					<coordinates>
						-78.53277777777778,35.69727936723909,0 -78.52658848019121,35.6968394536045,0 -78.5205874409076,35.69553309355733,0 -78.51495717397793,35.69340002136805,0 -78.50986888240533,35.690505112438096,0 -78.50547724051465,35.68693640447123,0 -78.50191568592055,35.68280241314788,0 -78.4992923651472,35.67822882499508,0 -78.49768685607553,35.673354669138725,0 -78.49714776577748,35.66832808538314,0 -78.49769127481343,35.66330181811756,0 -78.49930066965837,35.65842857355791,0 -78.50192687455895,35.65385638159279,0 -78.50548996376588,35.64972410294733,0 -78.5098816056577,35.64615721757445,0 -78.51496836261923,35.64326402132281,0 -78.52059574542207,35.64113234532183,0 -78.52659289893126,35.63982689657193,0 -78.53277777777778,35.639387299427554,0 -78.53896265662429,35.63982689657193,0 -78.54495981013349,35.64113234532183,0 -78.55058719293633,35.64326402132281,0 -78.55567394989787,35.64615721757445,0 -78.56006559178968,35.64972410294733,0 -78.56362868099662,35.65385638159279,0 -78.5662548858972,35.65842857355791,0 -78.56786428074213,35.66330181811756,0 -78.56840778977808,35.66832808538314,0 -78.56786869948003,35.673354669138725,0 -78.56626319040836,35.67822882499508,0 -78.56363986963501,35.68280241314788,0 -78.5600783150409,35.68693640447123,0 -78.55568667315023,35.690505112438096,0 -78.55059838157763,35.69340002136805,0 -78.54496811464796,35.69553309355733,0 -78.53896707536435,35.6968394536045,0 -78.53277777777778,35.69727936723909,0
					</coordinates>
				</LinearRing>
			</outerBoundaryIs>
		</Polygon>
	</Placemark>
	<Placemark>
		<name>AUBURN (37-002504)</name>
		<styleUrl>#redCircle</styleUrl>
		<Polygon>
			<outerBoundaryIs>
				<LinearRing>
					<coordinates>
						-78.5275,35.70366825612799,0 -78.52131020646921,35.70322834245611,0 -78.51530868637337,35.7019219823016,0 -78.50967796842812,35.699788909947884,0 -78.50458926938155,35.69689400081626,0 -78.50019727596118,35.69332529263481,0 -78.49663543646267,35.689191301109865,0 -78.49401190604489,35.6846177127928,0 -78.49240626891756,35.67974355682929,0 -78.49186713598817,35.6747169730366,0 -78.49241068904946,35.669690705808435,0 -78.49402021317593,35.664817461356165,0 -78.4966466286308,35.66024526955544,0 -78.50021000322629,35.656112991111584,0 -78.50460199664779,35.65254610595317,0 -78.50968916059918,35.64965290990304,0 -78.51531699350772,35.64752123406631,0 -78.52131462660326,35.64621578542359,0 -78.5275,35.64577618831645,0 -78.53368537339674,35.64621578542359,0 -78.53968300649228,35.64752123406631,0 -78.54531083940083,35.64965290990304,0 -78.55039800335221,35.65254610595317,0 -78.55478999677372,35.656112991111584,0 -78.5583533713692,35.66024526955544,0 -78.56097978682408,35.664817461356165,0 -78.56258931095054,35.669690705808435,0 -78.56313286401183,35.6747169730366,0 -78.56259373108243,35.67974355682929,0 -78.56098809395512,35.6846177127928,0 -78.55836456353734,35.689191301109865,0 -78.55480272403881,35.69332529263481,0 -78.55041073061845,35.69689400081626,0 -78.54532203157189,35.699788909947884,0 -78.53969131362662,35.7019219823016,0 -78.5336897935308,35.70322834245611,0 -78.5275,35.70366825612799,0
					</coordinates>
				</LinearRing>
			</outerBoundaryIs>
		</Polygon>
	</Placemark>
	<Placemark>
		<name>CLAYTON (37-000014)</name>
		<styleUrl>#redCircle</styleUrl>
		<Polygon>
			<outerBoundaryIs>
				<LinearRing>
					<coordinates>
						-78.53555555555555,35.705334922794655,0 -78.52936563262226,35.70489500911306,0 -78.52336398707223,35.70358864893054,0 -78.51773315144733,35.70145557653393,0 -78.51264434608204,35.69856066734968,0 -78.50825226094005,35.69499195911225,0 -78.50469034710386,35.690857967534704,0 -78.50206676198536,35.68628437917478,0 -78.50046109144557,35.68141022318332,0 -78.49992194739275,35.67638363938095,0 -78.5004655119412,35.67135737216254,0 -78.50207506979999,35.6664841277383,0 -78.504701540193,35.66191193598047,0 -78.50826498925245,35.6577796575892,0 -78.5126570743956,35.654212772486744,0 -78.51774434453937,35.65131957648918,0 -78.52337229489014,35.649187900695296,0 -78.52937005312005,35.64788245208055,0 -78.53555555555555,35.64744285498312,0 -78.54174105799105,35.64788245208055,0 -78.54773881622096,35.649187900695296,0 -78.55336676657173,35.65131957648918,0 -78.55845403671549,35.654212772486744,0 -78.56284612185863,35.6577796575892,0 -78.5664095709181,35.66191193598047,0 -78.56903604131111,35.6664841277383,0 -78.5706455991699,35.67135737216254,0 -78.57118916371834,35.67638363938095,0 -78.57065001966552,35.68141022318332,0 -78.56904434912573,35.68628437917478,0 -78.56642076400723,35.690857967534704,0 -78.56285885017104,35.69499195911225,0 -78.55846676502905,35.69856066734968,0 -78.55337795966376,35.70145557653393,0 -78.54774712403886,35.70358864893054,0 -78.54174547848883,35.70489500911306,0 -78.53555555555555,35.705334922794655,0
					</coordinates>
				</LinearRing>
			</outerBoundaryIs>
		</Polygon>
	</Placemark>
	<Placemark>
		<name>RALEIGH (37-000444)</name>
		<styleUrl>#redCircle</styleUrl>
		<Polygon>
			<outerBoundaryIs>
				<LinearRing>
					<coordinates>
						-78.72027777777778,35.714376589461324,0 -78.71408715265041,35.71393667572694,0 -78.7080848263313,35.712630315392495,0 -78.70245335212559,35.710497242763125,0 -78.69736396982887,35.70760233329338,0 -78.69297138696547,35.70403362475219,0 -78.68940906974076,35.69989963288929,0 -78.68678518779238,35.69532604429683,0 -78.68517933594205,35.6904518881537,0 -78.68464013152865,35.68542530429881,0 -78.68518375841143,35.680399037133355,0 -78.68679349931642,35.67552579286111,0 -78.68942026782759,35.670953601336,0 -78.69298412096101,35.6668213232301,0 -78.69737670382558,35.663254438431245,0 -78.70246455021531,35.66036124271891,0 -78.70809313785864,35.658229567157534,0 -78.71409157512194,35.656924118694526,0 -78.72027777777778,35.65648452164978,0 -78.72646398043362,35.656924118694526,0 -78.73246241769692,35.658229567157534,0 -78.73809100534025,35.66036124271891,0 -78.74317885172998,35.663254438431245,0 -78.74757143459455,35.6668213232301,0 -78.75113528772798,35.670953601336,0 -78.75376205623914,35.67552579286111,0 -78.75537179714414,35.680399037133355,0 -78.75591542402691,35.68542530429881,0 -78.75537621961351,35.6904518881537,0 -78.75377036776318,35.69532604429683,0 -78.7511464858148,35.69989963288929,0 -78.7475841685901,35.70403362475219,0 -78.74319158572669,35.70760233329338,0 -78.73810220342997,35.710497242763125,0 -78.73247072922426,35.712630315392495,0 -78.72646840290516,35.71393667572694,0 -78.72027777777778,35.714376589461324,0
					</coordinates>
				</LinearRing>
			</outerBoundaryIs>
		</Polygon>
	</Placemark>
	<Placemark>
		<name>APEX (37-001064)</name>
		<styleUrl>#redCircle</styleUrl>
		<Polygon>
			<outerBoundaryIs>
				<LinearRing>
					<coordinates>
						-78.8175,35.743112700572446,0 -78.81130714108583,35.742672786670276,0 -78.80530264913618,35.741366425852696,0 -78.79966914350722,35.7392333524832,0 -78.79457792590334,35.73633844210569,0 -78.79018375971198,35.73276973259866,0 -78.78662015924682,35.72863573982839,0 -78.78399533303717,35.724062150496536,0 -78.78238890441033,35.719187993871145,0 -78.78184950798072,35.71416140984926,0 -78.78239333315852,35.709135142852155,0 -78.78400365636158,35.704261899063255,0 -78.78663137323223,35.699689708278136,0 -78.79019651178675,35.69555743107961,0 -78.79459067797926,35.69199054724611,0 -78.79968035749553,35.68909735244074,0 -78.80531097246389,35.68696567761862,0 -78.8113115698362,35.68566022963809,0 -78.8175,35.6852206327609,0 -78.82368843016378,35.68566022963809,0 -78.8296890275361,35.68696567761862,0 -78.83531964250446,35.68909735244074,0 -78.84040932202073,35.69199054724611,0 -78.84480348821324,35.69555743107961,0 -78.84836862676777,35.699689708278136,0 -78.85099634363841,35.704261899063255,0 -78.85260666684147,35.709135142852155,0 -78.85315049201927,35.71416140984926,0 -78.85261109558967,35.719187993871145,0 -78.85100466696282,35.724062150496536,0 -78.84837984075317,35.72863573982839,0 -78.84481624028801,35.73276973259866,0 -78.84042207409665,35.73633844210569,0 -78.83533085649277,35.7392333524832,0 -78.82969735086381,35.741366425852696,0 -78.82369285891416,35.742672786670276,0 -78.8175,35.743112700572446,0
					</coordinates>
				</LinearRing>
			</outerBoundaryIs>
		</Polygon>
	</Placemark>
	<Placemark>
		<name>SOPHIA (37-003136)</name>
		<styleUrl>#redCircle</styleUrl>
		<Polygon>
			<outerBoundaryIs>
				<LinearRing>
					<coordinates>
						-79.84113055555555,35.84185992279466,0 -79.834929996374,35.84142000831495,0 -79.82891803910393,35.840113645834535,0 -79.82327753079147,35.83798056991764,0 -79.81817998655187,35.83508565641571,0 -79.81378036234287,35.831516943584376,0 -79.81021233831598,35.82738294769112,0 -79.80758425706739,35.822809355814364,0 -79.80597584018797,35.81793519752911,0 -79.80543578184425,35.81290861293245,0 -79.80598029058136,35.80788234651481,0 -79.80759262107142,35.80300910438949,0 -79.81022360710892,35.79843691615131,0 -79.81379317674246,35.794304642075836,0 -79.81819280095263,35.79073776156495,0 -79.82328879958735,35.787844569881216,0 -79.8289264031113,35.78571289760352,0 -79.83493444676958,35.7844074512836,0 -79.84113055555555,35.78396785498312,0 -79.84732666434152,35.7844074512836,0 -79.8533347079998,35.78571289760352,0 -79.85897231152376,35.787844569881216,0 -79.86406831015847,35.79073776156495,0 -79.86846793436864,35.794304642075836,0 -79.87203750400218,35.79843691615131,0 -79.87466849003968,35.80300910438949,0 -79.87628082052974,35.80788234651481,0 -79.87682532926684,35.81290861293245,0 -79.87628527092313,35.81793519752911,0 -79.87467685404371,35.822809355814364,0 -79.87204877279513,35.82738294769112,0 -79.86848074876823,35.831516943584376,0 -79.86408112455923,35.83508565641571,0 -79.85898358031963,35.83798056991764,0 -79.85334307200718,35.840113645834535,0 -79.8473311147371,35.84142000831495,0 -79.84113055555555,35.84185992279466,0
					</coordinates>
				</LinearRing>
			</outerBoundaryIs>
		</Polygon>
	</Placemark>
	<Placemark>
		<name>HIGH POINT (37-000224)</name>
		<styleUrl>#redCircle</styleUrl>
		<Polygon>
			<outerBoundaryIs>
				<LinearRing>
					<coordinates>
						-79.84305555555555,35.84200158946133,0 -79.83685498529991,35.8415616749808,0 -79.83084301729362,35.84025531249799,0 -79.82520249891029,35.838122236577426,0 -79.82010494557207,35.83522732307101,0 -79.81570531351365,35.8316586102349,0 -79.81213728312504,35.827524614337165,0 -79.80950919719523,35.82295102245675,0 -79.80790077745641,35.81807686416911,0 -79.80736071816078,35.81305027957164,0 -79.80790522788094,35.80802401315482,0 -79.80951756125778,35.803150771031895,0 -79.81214855199681,35.79857858279737,0 -79.81571812800289,35.79444630872638,0 -79.82011776006247,35.790879428220265,0 -79.82521376778499,35.78798623654102,0 -79.8308513813595,35.78585456426698,0 -79.83685943572661,35.78454911794944,0 -79.84305555555555,35.78410952164978,0 -79.8492516753845,35.78454911794944,0 -79.85525972975161,35.78585456426698,0 -79.86089734332613,35.78798623654102,0 -79.86599335104863,35.790879428220265,0 -79.87039298310822,35.79444630872638,0 -79.8739625591143,35.79857858279737,0 -79.87659354985334,35.803150771031895,0 -79.87820588323017,35.80802401315482,0 -79.87875039295032,35.81305027957164,0 -79.87821033365469,35.81807686416911,0 -79.87660191391588,35.82295102245675,0 -79.87397382798606,35.827524614337165,0 -79.87040579759746,35.8316586102349,0 -79.86600616553905,35.83522732307101,0 -79.86090861220082,35.838122236577426,0 -79.8552680938175,35.84025531249799,0 -79.8492561258112,35.8415616749808,0 -79.84305555555555,35.84200158946133,0
					</coordinates>
				</LinearRing>
			</outerBoundaryIs>
		</Polygon>
	</Placemark>
	<Placemark>
		<name>MIDDLESEX (37-022508)</name>
		<styleUrl>#redCircle</styleUrl>
		<Polygon>
			<outerBoundaryIs>
				<LinearRing>
					<coordinates>
						-78.14524444444446,35.86027658946133,0 -78.13904244498025,35.859836674873755,0 -78.13302909137273,35.858530312082756,0 -78.12738727325596,35.85639723569005,0 -78.1222885456622,35.85350232160456,0 -78.11788790056816,35.84993360815232,0 -78.11431904914421,35.84579961167575,0 -78.11169035906279,35.84122601932367,0 -78.11008157029435,35.836351860728385,0 -78.10954138814421,35.83132527602438,0 -78.1100860247365,35.82629900971496,0 -78.111698730676,35.821425767900365,0 -78.11433032818896,35.81685358013789,0 -78.11790072662569,35.81272130664574,0 -78.12230137172088,35.809154426755434,0 -78.12739855230365,35.806261235654766,0 -78.13303746298928,35.80412956385232,0 -78.13904689942457,35.80282411784256,0 -78.14524444444446,35.80238452164979,0 -78.15144198946435,35.80282411784256,0 -78.15745142589964,35.80412956385232,0 -78.16309033658528,35.806261235654766,0 -78.16818751716804,35.809154426755434,0 -78.17258816226324,35.81272130664574,0 -78.17615856069997,35.81685358013789,0 -78.17879015821292,35.821425767900365,0 -78.18040286415241,35.82629900971496,0 -78.18094750074471,35.83132527602438,0 -78.18040731859456,35.836351860728385,0 -78.17879852982612,35.84122601932367,0 -78.1761698397447,35.84579961167575,0 -78.17260098832077,35.84993360815232,0 -78.16820034322673,35.85350232160456,0 -78.16310161563295,35.85639723569005,0 -78.15745979751618,35.858530312082756,0 -78.15144644390867,35.859836674873755,0 -78.14524444444446,35.86027658946133,0
					</coordinates>
				</LinearRing>
			</outerBoundaryIs>
		</Polygon>
	</Placemark>
	<Placemark>
		<name>RANDLEMAN (37-001023)</name>
		<styleUrl>#redCircle</styleUrl>
		<Polygon>
			<outerBoundaryIs>
				<LinearRing>
					<coordinates>
						-79.83388888888888,35.862001589461336,0 -79.82768675445327,35.86156167486366,0 -79.82167326999254,35.860255312043556,0 -79.81603132913173,35.85812223560629,0 -79.81093249064376,35.85522732146611,0 -79.80653174988082,35.85165860795569,0 -79.80296282092004,35.847524611424475,0 -79.80033407378386,35.84295101902786,0 -79.79872525016505,35.83807686040353,0 -79.79818505641278,35.83305027568947,0 -79.79872970498661,35.8280240093902,0 -79.80034244611014,35.82315076760471,0 -79.80297410092551,35.818578579886804,0 -79.80654457703085,35.814446306449305,0 -79.81094531779495,35.81087942661714,0 -79.81604260914013,35.80798623557109,0 -79.82168164232216,35.80585456381317,0 -79.827691209277,35.80454911783247,0 -79.83388888888888,35.8041095216498,0 -79.84008656850075,35.80454911783247,0 -79.8460961354556,35.80585456381317,0 -79.85173516863763,35.80798623557109,0 -79.85683245998281,35.81087942661714,0 -79.86123320074691,35.814446306449305,0 -79.86480367685225,35.818578579886804,0 -79.86743533166762,35.82315076760471,0 -79.86904807279114,35.8280240093902,0 -79.86959272136498,35.83305027568947,0 -79.86905252761271,35.83807686040353,0 -79.86744370399391,35.84295101902786,0 -79.86481495685771,35.847524611424475,0 -79.86124602789694,35.85165860795569,0 -79.85684528713399,35.85522732146611,0 -79.85174644864603,35.85812223560629,0 -79.84610450778521,35.860255312043556,0 -79.84009102332449,35.86156167486366,0 -79.83388888888888,35.862001589461336,0
					</coordinates>
				</LinearRing>
			</outerBoundaryIs>
		</Polygon>
	</Placemark>
	<Placemark>
		<name>CLEVELAND (37-001089)</name>
		<styleUrl>#redCircle</styleUrl>
		<Polygon>
			<outerBoundaryIs>
				<LinearRing>
					<coordinates>
						-80.70389444444444,35.86219881168354,0 -80.69769229457658,35.86175889708472,0 -80.69167879515449,35.86045253426129,0 -80.68603684025946,35.858319457818915,0 -80.68093798909219,35.855424543672484,0 -80.67653723739072,35.851855830155415,0 -80.67296829956462,35.84772183361796,0 -80.67033954590494,35.84314824121625,0 -80.66873071830145,35.8382740825886,0 -80.66819052322262,35.83324749787339,0 -80.66873517316637,35.82822123157527,0 -80.67034791831274,35.823347989793106,0 -80.67297957967992,35.8187758020803,0 -80.67655006466565,35.81464352864906,0 -80.68095081636827,35.81107664882354,0 -80.68604812037772,35.808183457783734,0 -80.69168716756563,35.8060517860309,0 -80.69769674944372,35.804746340053526,0 -80.70389444444444,35.804306743872004,0 -80.71009213944518,35.804746340053526,0 -80.71610172132326,35.8060517860309,0 -80.72174076851118,35.808183457783734,0 -80.72683807252062,35.81107664882354,0 -80.73123882422324,35.81464352864906,0 -80.73480930920897,35.8187758020803,0 -80.73744097057616,35.823347989793106,0 -80.73905371572252,35.82822123157527,0 -80.73959836566628,35.83324749787339,0 -80.73905817058746,35.8382740825886,0 -80.73744934298396,35.84314824121625,0 -80.73482058932429,35.84772183361796,0 -80.73125165149818,35.851855830155415,0 -80.7268508997967,35.855424543672484,0 -80.72175204862943,35.858319457818915,0 -80.71611009373441,35.86045253426129,0 -80.7100965943123,35.86175889708472,0 -80.70389444444444,35.86219881168354,0
					</coordinates>
				</LinearRing>
			</outerBoundaryIs>
		</Polygon>
	</Placemark>
	<Placemark>
		<name>CARRBORO (37-000083)</name>
		<styleUrl>#redCircle</styleUrl>
		<Polygon>
			<outerBoundaryIs>
				<LinearRing>
					<coordinates>
						-79.16680000000001,35.89534603390577,0 -79.16059525429179,35.89490611911265,0 -79.15457923823243,35.893599755729824,0 -79.14893492265992,35.89146667843049,0 -79.14383393871795,35.88857176323298,0 -79.13943134706204,35.885003048597596,0 -79.13586091800742,35.88086905100953,0 -79.13323106704046,35.8762954577517,0 -79.13162156917659,35.87142129856567,0 -79.13108115095986,35.86639471365711,0 -79.1316260313388,35.86136844755392,0 -79.13323945316267,35.85649520633141,0 -79.13587221660009,35.85192301947541,0 -79.13944419534866,35.84779074709478,0 -79.14384678700571,35.84422386838701,0 -79.14894622125551,35.84133067839735,0 -79.15458762435799,35.83919900750048,0 -79.1605997164562,35.837893562081746,0 -79.16680000000001,35.83745396609422,0 -79.17300028354381,35.837893562081746,0 -79.17901237564203,35.83919900750048,0 -79.18465377874449,35.84133067839735,0 -79.18975321299429,35.84422386838701,0 -79.19415580465136,35.84779074709478,0 -79.19772778339993,35.85192301947541,0 -79.20036054683735,35.85649520633141,0 -79.2019739686612,35.86136844755392,0 -79.20251884904015,35.86639471365711,0 -79.20197843082343,35.87142129856567,0 -79.20036893295955,35.8762954577517,0 -79.1977390819926,35.88086905100953,0 -79.19416865293798,35.885003048597596,0 -79.18976606128206,35.88857176323298,0 -79.1846650773401,35.89146667843049,0 -79.17902076176759,35.893599755729824,0 -79.17300474570821,35.89490611911265,0 -79.16680000000001,35.89534603390577,0
					</coordinates>
				</LinearRing>
			</outerBoundaryIs>
		</Polygon>
	</Placemark>
	<Placemark>
		<name>RANDLEMAN (37-002503)</name>
		<styleUrl>#redCircle</styleUrl>
		<Polygon>
			<outerBoundaryIs>
				<LinearRing>
					<coordinates>
						-79.8237361111111,35.89633492279466,0 -79.81753128789529,35.89589500799575,0 -79.8115151966932,35.894588644596226,0 -79.80587081063467,35.892455567271305,0 -79.80076976301147,35.88956065204243,0 -79.79636711641751,35.88599193737367,0 -79.7927966428372,35.881857939754255,0 -79.79016675910643,35.877284346470866,0 -79.78855724122965,35.87241018726816,0 -79.78801681635042,35.86738360235383,0 -79.78856170360976,35.862357336256466,0 -79.79017514563813,35.85748409505066,0 -79.7928079419816,35.85291190822023,0 -79.79637996533151,35.848779635870955,0 -79.80078261192664,35.845212757196556,0 -79.80588210978199,35.842319567238235,0 -79.81152358322824,35.840187896366906,0 -79.81753575027757,35.838882450964846,0 -79.8237361111111,35.838442854983114,0 -79.82993647194462,35.838882450964846,0 -79.83594863899395,35.840187896366906,0 -79.84159011244022,35.842319567238235,0 -79.84668961029557,35.845212757196556,0 -79.8510922568907,35.848779635870955,0 -79.85466428024061,35.85291190822023,0 -79.85729707658408,35.85748409505066,0 -79.85891051861243,35.862357336256466,0 -79.85945540587178,35.86738360235383,0 -79.85891498099254,35.87241018726816,0 -79.85730546311576,35.877284346470866,0 -79.85467557938499,35.881857939754255,0 -79.85110510580469,35.88599193737367,0 -79.84670245921072,35.88956065204243,0 -79.84160141158755,35.892455567271305,0 -79.835957025529,35.894588644596226,0 -79.82994093432691,35.89589500799575,0 -79.8237361111111,35.89633492279466,0
					</coordinates>
				</LinearRing>
			</outerBoundaryIs>
		</Polygon>
	</Placemark>
	<Placemark>
		<name>RANDLEMAN (37-000699)</name>
		<styleUrl>#redCircle</styleUrl>
		<Polygon>
			<outerBoundaryIs>
				<LinearRing>
					<coordinates>
						-79.83999999999999,35.89922381168355,0 -79.8337949503358,35.8987838968677,0 -79.82777863959461,35.8974775334194,0 -79.82213404760213,35.895344456019764,0 -79.81703281392616,35.892449540699225,0 -79.8126300068236,35.88888082593296,0 -79.80905940315583,35.884746828221935,0 -79.80642942370135,35.880173234863896,0 -79.80481984735435,35.87529907561251,0 -79.80427940300966,35.870272490681316,0 -79.80482431037105,35.865246224600945,0 -79.80643781142943,35.86037298344394,0 -79.8090707039121,35.855800796688214,0 -79.81264285757057,35.85166852443055,0 -79.81704566467431,35.84810164585361,0 -79.82214534836136,35.84520845598686,0 -79.82778702732605,35.84307678519016,0 -79.83379941335468,35.84177133983682,0 -79.83999999999999,35.84133174387201,0 -79.84620058664531,35.84177133983682,0 -79.85221297267394,35.84307678519016,0 -79.85785465163863,35.84520845598686,0 -79.86295433532568,35.84810164585361,0 -79.86735714242943,35.85166852443055,0 -79.8709292960879,35.855800796688214,0 -79.87356218857055,35.86037298344394,0 -79.87517568962895,35.865246224600945,0 -79.87572059699033,35.870272490681316,0 -79.87518015264564,35.87529907561251,0 -79.87357057629865,35.880173234863896,0 -79.87094059684416,35.884746828221935,0 -79.8673699931764,35.88888082593296,0 -79.86296718607383,35.892449540699225,0 -79.85786595239784,35.895344456019764,0 -79.85222136040538,35.8974775334194,0 -79.84620504966419,35.8987838968677,0 -79.83999999999999,35.89922381168355,0
					</coordinates>
				</LinearRing>
			</outerBoundaryIs>
		</Polygon>
	</Placemark>
	<Placemark>
		<name>CHAPEL HILL (37-000948)</name>
		<styleUrl>#redCircle</styleUrl>
		<Polygon>
			<outerBoundaryIs>
				<LinearRing>
					<coordinates>
						-79.16082777777778,35.899973811683545,0 -79.15462266931883,35.89953389686329,0 -79.14860630157676,35.898227533402334,0 -79.14296165611589,35.896094455983295,0 -79.13786037413341,35.89319954063897,0 -79.13345752535659,35.889630825847384,0 -79.12988688791309,35.88549682811258,0 -79.12725688360503,35.880923234735164,0 -79.12564729207689,35.87604907547112,0 -79.1251068426782,35.87102249053556,0 -79.12565175525887,35.8659962244596,0 -79.12726527164375,35.861122983315255,0 -79.12989818908787,35.85655079657893,0 -79.13347037657948,35.852418524345055,0 -79.13787322535745,35.84885164579342,0 -79.14297295729362,35.84595845595043,0 -79.14861468961885,35.84382678517313,0 -79.15462713250298,35.84252133983243,0 -79.16082777777778,35.842081743872,0 -79.16702842305259,35.84252133983243,0 -79.17304086593671,35.84382678517313,0 -79.17868259826193,35.84595845595043,0 -79.1837823301981,35.84885164579342,0 -79.18818517897608,35.852418524345055,0 -79.19175736646768,35.85655079657893,0 -79.19439028391182,35.861122983315255,0 -79.19600380029668,35.8659962244596,0 -79.19654871287734,35.87102249053556,0 -79.19600826347866,35.87604907547112,0 -79.19439867195052,35.880923234735164,0 -79.19176866764246,35.88549682811258,0 -79.18819803019898,35.889630825847384,0 -79.18379518142216,35.89319954063897,0 -79.17869389943966,35.896094455983295,0 -79.17304925397879,35.898227533402334,0 -79.16703288623674,35.89953389686329,0 -79.16082777777778,35.899973811683545,0
					</coordinates>
				</LinearRing>
			</outerBoundaryIs>
		</Polygon>
	</Placemark>
	<Placemark>
		<name>WILLAMSTON (37-001227)</name>
		<styleUrl>#redCircle</styleUrl>
		<Polygon>
			<outerBoundaryIs>
				<LinearRing>
					<coordinates>
						-76.98583333333333,35.92755714501688,0 -76.97962606102017,35.92711723003481,0 -76.97360759544647,35.92581086610794,0 -76.9679609821597,35.92367778797515,0 -76.96285792232774,35.9207828717554,0 -76.95845353979212,35.91721415603239,0 -76.95488165928263,35.913080157422556,0 -76.95225074027552,35.90850656333209,0 -76.95064059002831,35.903632403602984,0 -76.95009995462527,35.898605818506375,0 -76.95064505929336,35.89357955259278,0 -76.95225913974667,35.88870631191456,0 -76.9548929758603,35.884134125891855,0 -76.95846640853053,35.88000185453301,0 -76.96287079106732,35.876434976912336,0 -76.96797229874032,35.87354178794399,0 -76.97361599492099,35.8714101178796,0 -76.97963053028741,35.87010467300417,0 -76.98583333333333,35.86966507720534,0 -76.99203613637926,35.87010467300417,0 -76.99805067174567,35.8714101178796,0 -77.00369436792634,35.87354178794399,0 -77.00879587559935,35.876434976912336,0 -77.01320025813614,35.88000185453301,0 -77.01677369080636,35.884134125891855,0 -77.01940752691999,35.88870631191456,0 -77.0210216073733,35.89357955259278,0 -77.02156671204139,35.898605818506375,0 -77.02102607663835,35.903632403602984,0 -77.01941592639115,35.90850656333209,0 -77.01678500738403,35.913080157422556,0 -77.01321312687455,35.91721415603239,0 -77.00880874433892,35.9207828717554,0 -77.00370568450697,35.92367778797515,0 -76.99805907122021,35.92581086610794,0 -76.9920406056465,35.92711723003481,0 -76.98583333333333,35.92755714501688,0
					</coordinates>
				</LinearRing>
			</outerBoundaryIs>
		</Polygon>
	</Placemark>
	<Placemark>
		<name>COLUMBIA (37-000265)</name>
		<styleUrl>#redCircle</styleUrl>
		<Polygon>
			<outerBoundaryIs>
				<LinearRing>
					<coordinates>
						-76.34625,35.92851547835022,0 -76.34004265245463,35.928075563362526,0 -76.33402411394415,35.92676919941946,0 -76.32837743224061,35.92463612126186,0 -76.32327431059694,35.92174120501169,0 -76.31886987473608,35.91817248925629,0 -76.31529795100805,35.91403849061606,0 -76.31266700019896,35.90946489650081,0 -76.31105683052638,35.90459073675554,0 -76.31051618865642,35.89956415165334,0 -76.31106130000295,35.894537885745386,0 -76.3126754000676,35.889664645083364,0 -76.31530926812125,35.885092459085456,0 -76.31888274408347,35.88096018775703,0 -76.3232871799455,35.8773933101687,0 -76.32838874935678,35.87450012123076,0 -76.33403251381617,35.87236845119115,0 -76.34004712193338,35.871063006331894,0 -76.34625,35.87062341053868,0 -76.35245287806663,35.871063006331894,0 -76.35846748618384,35.87236845119115,0 -76.36411125064323,35.87450012123076,0 -76.36921282005451,35.8773933101687,0 -76.37361725591654,35.88096018775703,0 -76.37719073187876,35.885092459085456,0 -76.3798245999324,35.889664645083364,0 -76.38143869999706,35.894537885745386,0 -76.38198381134359,35.89956415165334,0 -76.38144316947361,35.90459073675554,0 -76.37983299980104,35.90946489650081,0 -76.37720204899195,35.91403849061606,0 -76.37363012526393,35.91817248925629,0 -76.36922568940307,35.92174120501169,0 -76.3641225677594,35.92463612126186,0 -76.35847588605586,35.92676919941946,0 -76.35245734754538,35.928075563362526,0 -76.34625,35.92851547835022,0
					</coordinates>
				</LinearRing>
			</outerBoundaryIs>
		</Polygon>
	</Placemark>
	<Placemark>
		<name>WINSTON-SALEM (37-001607)</name>
		<styleUrl>#redCircle</styleUrl>
		<Polygon>
			<outerBoundaryIs>
				<LinearRing>
					<coordinates>
						-80.29333333333334,35.946168256128,0 -80.28712459935177,35.945728341036684,0 -80.2811047167074,35.94442197679527,0 -80.275456774168,35.942288898180614,0 -80.27035251341117,35.93939398136985,0 -80.26594709483221,35.935825265018,0 -80.26237437464036,35.931691265817435,0 -80.25974283776046,35.92711767124558,0 -80.25813231010248,35.922243511202495,0 -80.25759154905484,35.91721692599717,0 -80.25813678347669,35.91219066019318,0 -80.2597512449543,35.90731741982965,0 -80.26238570162278,35.90274523428872,0 -80.26595997540248,35.898612963520634,0 -80.27036539398259,35.89504608652845,0 -80.27546810115338,35.89215289815059,0 -80.28111312390463,35.890021228567505,0 -80.28712907272816,35.8887157840062,0 -80.29333333333334,35.888276188316446,0 -80.29953759393852,35.8887157840062,0 -80.30555354276206,35.890021228567505,0 -80.31119856551331,35.89215289815059,0 -80.3163012726841,35.89504608652845,0 -80.3207066912642,35.898612963520634,0 -80.32428096504391,35.90274523428872,0 -80.32691542171239,35.90731741982965,0 -80.32852988319,35.91219066019318,0 -80.32907511761185,35.91721692599717,0 -80.3285343565642,35.922243511202495,0 -80.32692382890623,35.92711767124558,0 -80.32429229202631,35.931691265817435,0 -80.32071957183447,35.935825265018,0 -80.31631415325552,35.93939398136985,0 -80.31120989249868,35.942288898180614,0 -80.30556194995928,35.94442197679527,0 -80.29954206731492,35.945728341036684,0 -80.29333333333334,35.946168256128,0
					</coordinates>
				</LinearRing>
			</outerBoundaryIs>
		</Polygon>
	</Placemark>
	<Placemark>
		<name>WAKE FOREST (37-001488)</name>
		<styleUrl>#redCircle</styleUrl>
		<Polygon>
			<outerBoundaryIs>
				<LinearRing>
					<coordinates>
						-78.47888611111111,35.969373811683546,0 -78.47267555274267,35.96893389645595,0 -78.46665390137633,35.96762753182213,0 -78.4610042997253,35.965494452606336,0 -78.45589854002964,35.96259953505826,0 -78.45149182830939,35.959030817921956,0 -78.44791806006491,35.95489681798441,0 -78.44528575198483,35.95032322281201,0 -78.44367475326025,35.94544906237724,0 -78.44313383538889,35.94042247703628,0 -78.44367923176341,35.93539621136904,0 -78.44529416881797,35.930522971398084,0 -78.44792940003428,35.92595078645818,0 -78.45150472364787,35.921818516427074,0 -78.45591143536929,35.91825164021897,0 -78.46101563969766,35.915358452577756,0 -78.46666231821284,35.91322678359509,0 -78.47268003124803,35.91192133942567,0 -78.47888611111111,35.91148174387201,0 -78.48509219097419,35.91192133942567,0 -78.49110990400939,35.91322678359509,0 -78.49675658252457,35.915358452577756,0 -78.50186078685293,35.91825164021897,0 -78.50626749857435,35.921818516427074,0 -78.50984282218793,35.92595078645818,0 -78.51247805340427,35.930522971398084,0 -78.5140929904588,35.93539621136904,0 -78.51463838683333,35.94042247703628,0 -78.51409746896198,35.94544906237724,0 -78.5124864702374,35.95032322281201,0 -78.50985416215732,35.95489681798441,0 -78.50628039391285,35.959030817921956,0 -78.5018736821926,35.96259953505826,0 -78.49676792249693,35.965494452606336,0 -78.4911183208459,35.96762753182213,0 -78.48509666947955,35.96893389645595,0 -78.47888611111111,35.969373811683546,0
					</coordinates>
				</LinearRing>
			</outerBoundaryIs>
		</Polygon>
	</Placemark>
	<Placemark>
		<name>GREENSBORO (37-001292)</name>
		<styleUrl>#redCircle</styleUrl>
		<Polygon>
			<outerBoundaryIs>
				<LinearRing>
					<coordinates>
						-79.86232777777778,35.97412658946133,0 -79.85611684549488,35.97368667420581,0 -79.8500948316228,35.97238030949159,0 -79.84444488993105,35.97024723015263,0 -79.83933882302264,35.96735231245349,0 -79.83493184626859,35.96378359515646,0 -79.83135786322207,35.95964959506793,0 -79.82872539708184,35.95507599977249,0 -79.82711430181051,35.95020183925745,0 -79.82657335179759,35.945175253888706,0 -79.82711878136489,35.94014898824948,0 -79.82873381589059,35.93527574835896,0 -79.8313692058532,35.9307035635422,0 -79.8349447446339,35.9265712936621,0 -79.83935172138915,35.923004417614635,0 -79.84445623256516,35.92011123012434,0 -79.85010325043494,35.91797956126471,0 -79.85612132505145,35.91667411717556,0 -79.86232777777778,35.91623452164979,0 -79.8685342305041,35.91667411717556,0 -79.87455230512062,35.91797956126471,0 -79.88019932299038,35.92011123012434,0 -79.8853038341664,35.923004417614635,0 -79.88971081092164,35.9265712936621,0 -79.89328634970234,35.9307035635422,0 -79.89592173966496,35.93527574835896,0 -79.89753677419067,35.94014898824948,0 -79.89808220375795,35.945175253888706,0 -79.89754125374503,35.95020183925745,0 -79.89593015847372,35.95507599977249,0 -79.89329769233349,35.95964959506793,0 -79.88972370928697,35.96378359515646,0 -79.88531673253291,35.96735231245349,0 -79.88021066562449,35.97024723015263,0 -79.87456072393275,35.97238030949159,0 -79.86853871006066,35.97368667420581,0 -79.86232777777778,35.97412658946133,0
					</coordinates>
				</LinearRing>
			</outerBoundaryIs>
		</Polygon>
	</Placemark>
	<Placemark>
		<name>JAMES (37-000975)</name>
		<styleUrl>#redCircle</styleUrl>
		<Polygon>
			<outerBoundaryIs>
				<LinearRing>
					<coordinates>
						-79.82472222222222,35.99866825612799,0 -79.81850935777992,35.99822834072824,0 -79.8124854707016,35.996921975598724,0 -79.80683377188906,35.99478889562356,0 -79.8017261174946,35.991893977144095,0 -79.79731777120915,35.988325259016825,0 -79.79374267819817,35.98419125814832,0 -79.79110939530052,35.979617662217294,0 -79.78949780113521,35.97474350128772,0 -79.78895668503455,35.96971691577543,0 -79.78950228612166,35.96469065028093,0 -79.79111782431825,35.95981741080589,0 -79.79375403458381,35.955245226625216,0 -79.79733068521554,35.95111295752509,0 -79.80173903150215,35.94754608230745,0 -79.8068451282777,35.94465289559679,0 -79.81249389972271,35.942521227372616,0 -79.81851384276858,35.941215783698205,0 -79.82472222222222,35.940776188316455,0 -79.83093060167586,35.941215783698205,0 -79.83695054472173,35.942521227372616,0 -79.84259931616673,35.94465289559679,0 -79.84770541294229,35.94754608230745,0 -79.85211375922889,35.95111295752509,0 -79.85569040986061,35.955245226625216,0 -79.85832662012618,35.95981741080589,0 -79.85994215832278,35.96469065028093,0 -79.86048775940988,35.96971691577543,0 -79.85994664330923,35.97474350128772,0 -79.8583350491439,35.979617662217294,0 -79.85570176624627,35.98419125814832,0 -79.85212667323528,35.988325259016825,0 -79.84771832694985,35.991893977144095,0 -79.84261067255537,35.99478889562356,0 -79.83695897374284,35.996921975598724,0 -79.83093508666452,35.99822834072824,0 -79.82472222222222,35.99866825612799,0
					</coordinates>
				</LinearRing>
			</outerBoundaryIs>
		</Polygon>
	</Placemark>
	<Placemark>
		<name>CASTALIA (37-001237)</name>
		<styleUrl>#redCircle</styleUrl>
		<Polygon>
			<outerBoundaryIs>
				<LinearRing>
					<coordinates>
						-78.06222222222223,36.06811270057244,0 -78.05600387773057,36.067672784764056,0 -78.04997467780777,36.066366418457996,0 -78.04431799539584,36.06423333668041,0 -78.03920583852526,36.06133841599028,0 -78.03479360793352,36.05776969551089,0 -78.03121536680783,36.053635692432735,0 -78.02857976739831,36.049062094701085,0 -78.0269667582551,36.04418793259708,0 -78.02642517109172,36.03916134667814,0 -78.02697125864889,36.034135081593654,0 -78.02858822537236,36.029261843295686,0 -78.03122676220623,36.0246896609171,0 -78.03480656630357,36.02055739402668,0 -78.0392187968965,36.01699052115992,0 -78.04432939079724,36.01409733665795,0 -78.04998313578523,36.01196567023407,0 -78.05600837812659,36.010660227734604,0 -78.06222222222223,36.0102206327609,0 -78.06843606631786,36.010660227734604,0 -78.07446130865922,36.01196567023407,0 -78.0801150536472,36.01409733665795,0 -78.08522564754794,36.01699052115992,0 -78.08963787814088,36.02055739402668,0 -78.09321768223822,36.0246896609171,0 -78.09585621907209,36.029261843295686,0 -78.09747318579558,36.034135081593654,0 -78.09801927335273,36.03916134667814,0 -78.09747768618935,36.04418793259708,0 -78.09586467704614,36.049062094701085,0 -78.09322907763662,36.053635692432735,0 -78.08965083651093,36.05776969551089,0 -78.08523860591919,36.06133841599028,0 -78.0801264490486,36.06423333668041,0 -78.07446976663668,36.066366418457996,0 -78.06844056671387,36.067672784764056,0 -78.06222222222223,36.06811270057244,0
					</coordinates>
				</LinearRing>
			</outerBoundaryIs>
		</Polygon>
	</Placemark>
	<Placemark>
		<name>LOUISBURG (37-001836)</name>
		<styleUrl>#redCircle</styleUrl>
		<Polygon>
			<outerBoundaryIs>
				<LinearRing>
					<coordinates>
						-78.19098611111112,36.13214325612799,0 -78.18476269711375,36.131703339942185,0 -78.17872858236383,36.13039697254946,0 -78.17306728970422,36.12826388910716,0 -78.16795096766548,36.12536896637524,0 -78.16353514376468,36.12180024372344,0 -78.15995399036906,36.11766623860443,0 -78.15731624799213,36.11309263920972,0 -78.15570192987613,36.10821847602103,0 -78.15515990694074,36.103191889726496,0 -78.155706444524,36.09816562502069,0 -78.15732473275507,36.093292387809875,0 -78.15996542186004,36.0887202070957,0 -78.1635481431777,36.08458794224617,0 -78.1679639670797,36.0810210715507,0 -78.17307872119821,36.078127889088684,0 -78.17873706713019,36.07599622432757,0 -78.18476721176386,36.07469078291329,0 -78.19098611111112,36.074251188316445,0 -78.19720501045838,36.07469078291329,0 -78.20323515509205,36.07599622432757,0 -78.20889350102402,36.078127889088684,0 -78.21400825514253,36.0810210715507,0 -78.21842407904452,36.08458794224617,0 -78.2220068003622,36.0887202070957,0 -78.22464748946716,36.093292387809875,0 -78.22626577769823,36.09816562502069,0 -78.22681231528149,36.103191889726496,0 -78.2262702923461,36.10821847602103,0 -78.2246559742301,36.11309263920972,0 -78.22201823185317,36.11766623860443,0 -78.21843707845755,36.12180024372344,0 -78.21402125455676,36.12536896637524,0 -78.20890493251801,36.12826388910716,0 -78.2032436398584,36.13039697254946,0 -78.19720952510848,36.131703339942185,0 -78.19098611111112,36.13214325612799,0
					</coordinates>
				</LinearRing>
			</outerBoundaryIs>
		</Polygon>
	</Placemark>
	<Placemark>
		<name>SUMMERFIELD (37-001097)</name>
		<styleUrl>#redCircle</styleUrl>
		<Polygon>
			<outerBoundaryIs>
				<LinearRing>
					<coordinates>
						-79.94055555555556,36.3047793672391,0 -79.93431839324255,36.304339450032664,0 -79.92827094965989,36.30303307970127,0 -79.92259715417646,36.30089999175706,0 -79.91746953635403,36.29800506350351,0 -79.91304396753132,36.29443633497685,0 -79.90945491616783,36.29030232433877,0 -79.90681136214397,36.28572872044664,0 -79.90519349414438,36.280854554324634,0 -79.90465028941405,36.275827967014415,0 -79.90519804745415,36.27080170333271,0 -79.90681991956757,36.26592846906191,0 -79.90946644555426,36.26135629284879,0 -79.91305707826696,36.25722403351845,0 -79.91748264709086,36.2536571686948,0 -79.92260868356591,36.250763991749416,0 -79.92827950708694,36.248632331484856,0 -79.93432294655459,36.24732689300526,0 -79.94055555555556,36.24688729942757,0 -79.94678816455652,36.24732689300526,0 -79.95283160402418,36.248632331484856,0 -79.9585024275452,36.250763991749416,0 -79.96362846402025,36.2536571686948,0 -79.96805403284417,36.25722403351845,0 -79.97164466555687,36.26135629284879,0 -79.97429119154356,36.26592846906191,0 -79.97591306365696,36.27080170333271,0 -79.97646082169707,36.275827967014415,0 -79.97591761696673,36.280854554324634,0 -79.97429974896714,36.28572872044664,0 -79.9716561949433,36.29030232433877,0 -79.9680671435798,36.29443633497685,0 -79.96364157475709,36.29800506350351,0 -79.95851395693467,36.30089999175706,0 -79.95284016145123,36.30303307970127,0 -79.94679271786858,36.304339450032664,0 -79.94055555555556,36.3047793672391,0
					</coordinates>
				</LinearRing>
			</outerBoundaryIs>
		</Polygon>
	</Placemark>
	<Placemark>
		<name>BRINKLEYVILLE (37-001057)</name>
		<styleUrl>#redCircle</styleUrl>
		<Polygon>
			<outerBoundaryIs>
				<LinearRing>
					<coordinates>
						-77.83594444444444,36.32039047835021,0 -77.82970603311075,36.31995056105126,0 -77.82365737861706,36.31864419045348,0 -77.81798244726471,36.3165111021012,0 -77.8128538032318,36.31361617334712,0 -77.8084273490929,36.310047444287946,0 -77.80483758020715,36.30591343314958,0 -77.80219349820125,36.301339828849784,0 -77.80057530769854,36.296465662461884,0 -77.80003199560355,36.29143907505959,0 -77.80057986452114,36.286412811470726,0 -77.80220206222678,36.281539577466425,0 -77.80484911848835,36.2769674016613,0 -77.80844046994329,36.272835142831255,0 -77.81286692408341,36.26926827853986,0 -77.81799398554897,36.26637510209453,0 -77.82366594264607,36.26424344223757,0 -77.82971058993563,36.26293800402399,0 -77.83594444444444,36.26249841053866,0 -77.84217829895324,36.26293800402399,0 -77.8482229462428,36.26424344223757,0 -77.85389490333992,36.26637510209453,0 -77.85902196480546,36.26926827853986,0 -77.86344841894558,36.272835142831255,0 -77.86703977040052,36.2769674016613,0 -77.8696868266621,36.281539577466425,0 -77.87130902436773,36.286412811470726,0 -77.87185689328533,36.29143907505959,0 -77.87131358119034,36.296465662461884,0 -77.86969539068762,36.301339828849784,0 -77.86705130868172,36.30591343314958,0 -77.86346153979598,36.310047444287946,0 -77.85903508565707,36.31361617334712,0 -77.85390644162418,36.3165111021012,0 -77.84823151027182,36.31864419045348,0 -77.84218285577812,36.31995056105126,0 -77.83594444444444,36.32039047835021,0
					</coordinates>
				</LinearRing>
			</outerBoundaryIs>
		</Polygon>
	</Placemark>
	<Placemark>
		<name>MADISON (37-000982)</name>
		<styleUrl>#redCircle</styleUrl>
		<Polygon>
			<outerBoundaryIs>
				<LinearRing>
					<coordinates>
						-79.90645,36.37395714501688,0 -79.90020729554985,36.3735172274002,0 -79.89415447892955,36.37221085588758,0 -79.88847564338437,36.370077766133804,0 -79.88334347207513,36.36718283566078,0 -79.87891397493986,36.3636141047727,0 -79.87532173979689,36.3594800919162,0 -79.87267584301874,36.35490648621631,0 -79.87105654401314,36.35003231891524,0 -79.87051286288619,36.345005731196764,0 -79.87106111291055,36.33997946792671,0 -79.87268442973749,36.335106234837674,0 -79.87533330865259,36.33053406043378,0 -79.8789271305583,36.32640180332191,0 -79.88335662769478,36.32283494085847,0 -79.88848721224312,36.31994176613051,0 -79.8941630656518,36.31781010767338,0 -79.90021186444953,36.31650467037338,0 -79.90645,36.31606507720534,0 -79.9126881355505,36.31650467037338,0 -79.91873693434823,36.31781010767338,0 -79.9244127877569,36.31994176613051,0 -79.92954337230523,36.32283494085847,0 -79.93397286944173,36.32640180332191,0 -79.93756669134743,36.33053406043378,0 -79.94021557026254,36.335106234837674,0 -79.94183888708946,36.33997946792671,0 -79.94238713711384,36.345005731196764,0 -79.94184345598687,36.35003231891524,0 -79.94022415698129,36.35490648621631,0 -79.93757826020313,36.3594800919162,0 -79.93398602506016,36.3636141047727,0 -79.92955652792489,36.36718283566078,0 -79.92442435661566,36.370077766133804,0 -79.91874552107048,36.37221085588758,0 -79.91269270445018,36.3735172274002,0 -79.90645,36.37395714501688,0
					</coordinates>
				</LinearRing>
			</outerBoundaryIs>
		</Polygon>
	</Placemark>
	<Placemark>
		<name>OXFORD (37-001106)</name>
		<styleUrl>#redCircle</styleUrl>
		<Polygon>
			<outerBoundaryIs>
				<LinearRing>
					<coordinates>
						-78.66575555555556,36.3765543672391,0 -78.65951264266131,36.376114449607,0 -78.65345962395689,36.37480807804999,0 -78.64778059885107,36.372674988228205,0 -78.64264825628169,36.36978005767179,0 -78.63821861139954,36.366211326694966,0 -78.63462625651218,36.3620773137551,0 -78.63198027162122,36.357503707987284,0 -78.6303609187944,36.3526295406419,0 -78.6298172197498,36.34760295290809,0 -78.63036548827809,36.342576689653505,0 -78.63198885944183,36.33770345660887,0 -78.63463782685241,36.33313128227296,0 -78.63823176870613,36.32899902524446,0 -78.6426614135895,36.32543216286972,0 -78.64779216919439,36.3225389882251,0 -78.65346821178102,36.32040732983589,0 -78.6595172121473,36.31910189258021,0 -78.66575555555556,36.318662299427565,0 -78.67199389896383,36.31910189258021,0 -78.67804289933011,36.32040732983589,0 -78.68371894191674,36.3225389882251,0 -78.68884969752165,36.32543216286972,0 -78.69327934240499,36.32899902524446,0 -78.69687328425871,36.33313128227296,0 -78.6995222516693,36.33770345660887,0 -78.70114562283304,36.342576689653505,0 -78.70169389136133,36.34760295290809,0 -78.70115019231673,36.3526295406419,0 -78.69953083948992,36.357503707987284,0 -78.69688485459896,36.3620773137551,0 -78.69329249971159,36.366211326694966,0 -78.68886285482945,36.36978005767179,0 -78.68373051226006,36.372674988228205,0 -78.67805148715424,36.37480807804999,0 -78.67199846844981,36.376114449607,0 -78.66575555555556,36.3765543672391,0
					</coordinates>
				</LinearRing>
			</outerBoundaryIs>
		</Polygon>
	</Placemark>
	<Placemark>
		<name>SOUTH MILLS (37-003264)</name>
		<styleUrl>#redCircle</styleUrl>
		<Polygon>
			<outerBoundaryIs>
				<LinearRing>
					<coordinates>
						-76.30480277777778,36.54912658946132,0 -76.29854595472297,36.54868667080254,0 -76.29247945027971,36.547380296289454,0 -76.28678777516885,36.54524720193911,0 -76.28164400384536,36.54235226582836,0 -76.27720449932919,36.53878352894192,0 -76.27360415350559,36.53464951045032,0 -76.2709522885605,36.5300759001585,0 -76.26932934406868,36.52520172986247,0 -76.26878444932441,36.520175141107,0 -76.26933395268287,36.51514887888263,0 -76.2709609499224,36.51027564879542,0 -76.27361582292774,36.50570347898722,0 -76.2772177693076,36.50157122751056,0 -76.28165727382499,36.498004371042356,0 -76.28679944459412,36.49511120194698,0 -76.29248811164517,36.492979548080925,0 -76.29855056333949,36.49167411377726,0 -76.30480277777778,36.49123452164979,0 -76.31105499221607,36.49167411377726,0 -76.31711744391039,36.492979548080925,0 -76.32280611096144,36.49511120194698,0 -76.32794828173057,36.498004371042356,0 -76.33238778624798,36.50157122751056,0 -76.33598973262782,36.50570347898722,0 -76.33864460563318,36.51027564879542,0 -76.34027160287269,36.51514887888263,0 -76.34082110623115,36.520175141107,0 -76.34027621148688,36.52520172986247,0 -76.33865326699507,36.5300759001585,0 -76.33600140204997,36.53464951045032,0 -76.33240105622637,36.53878352894192,0 -76.32796155171022,36.54235226582836,0 -76.32281778038671,36.54524720193911,0 -76.31712610527585,36.547380296289454,0 -76.31105960083259,36.54868667080254,0 -76.30480277777778,36.54912658946132,0
					</coordinates>
				</LinearRing>
			</outerBoundaryIs>
		</Polygon>
	</Placemark>
	<Placemark>
		<name>MOYOCK (37-000489)</name>
		<styleUrl>#redCircle</styleUrl>
		<Polygon>
			<outerBoundaryIs>
				<LinearRing>
					<coordinates>
						-76.18791111111112,36.57747658946133,0 -76.18165199154252,36.57703667063343,0 -76.17558326065591,36.57573029563347,0 -76.1698894970782,36.57359720053725,0 -76.16474383891179,36.57070226351167,0 -76.1603027066085,36.56713352565188,0 -76.1567010415127,36.56299950624589,0 -76.15404820579394,36.558425895208934,0 -76.15242466833271,36.553551724426924,0 -76.15187957618363,36.54852513550318,0 -76.15242928340825,36.543498873448485,0 -76.1540568792992,36.53862564384839,0 -76.15671272729556,36.534053474785935,0 -76.16031599519162,36.529921224223685,0 -76.16475712749615,36.52635436872832,0 -76.1699011828642,36.52346120054693,0 -76.17559193416473,36.521329547425864,0 -76.18165660662038,36.52002411360841,0 -76.18791111111112,36.51958452164978,0 -76.19416561560186,36.52002411360841,0 -76.20023028805751,36.521329547425864,0 -76.20592103935803,36.52346120054693,0 -76.21106509472608,36.52635436872832,0 -76.21550622703062,36.529921224223685,0 -76.21910949492668,36.534053474785935,0 -76.22176534292302,36.53862564384839,0 -76.22339293881397,36.543498873448485,0 -76.2239426460386,36.54852513550318,0 -76.22339755388951,36.553551724426924,0 -76.22177401642828,36.558425895208934,0 -76.21912118070952,36.56299950624589,0 -76.21551951561372,36.56713352565188,0 -76.21107838331044,36.57070226351167,0 -76.20593272514402,36.57359720053725,0 -76.20023896156633,36.57573029563347,0 -76.1941702306797,36.57703667063343,0 -76.18791111111112,36.57747658946133,0
					</coordinates>
				</LinearRing>
			</outerBoundaryIs>
		</Polygon>
	</Placemark>
	<Placemark>
		<name>BURGESS (45-000667)</name>
		<styleUrl>#redCircle</styleUrl>
		<Polygon>
			<outerBoundaryIs>
				<LinearRing>
					<coordinates>
						-79.04833333333333,33.619779367239104,0 -79.04229728412473,33.61933946542307,0 -79.03644481737061,33.61803313940466,0 -79.03095391570044,33.61590011934598,0 -79.02599153487638,33.61300527435527,0 -79.02170851674582,33.6094366344186,0 -79.0182349984695,33.6053027070065,0 -79.01567645841733,33.60072917093517,0 -79.01411051886296,33.59585504904905,0 -79.01358460169892,33.59082847705784,0 -79.0141145066765,33.585802197935784,0 -79.01568395305557,33.58092891933283,0 -79.01824509596894,33.57635667524633,0 -79.02171999919943,33.57222433268841,0 -79.02600301733094,33.568657379318516,0 -79.03096401320232,33.56576411918233,0 -79.0364523120116,33.563632391109046,0 -79.04230127194008,33.56232690837426,0 -79.04833333333333,33.56188729942756,0 -79.05436539472659,33.56232690837426,0 -79.06021435465505,33.563632391109046,0 -79.06570265346434,33.56576411918233,0 -79.07066364933573,33.568657379318516,0 -79.07494666746723,33.57222433268841,0 -79.07842157069773,33.57635667524633,0 -79.08098271361109,33.58092891933283,0 -79.08255215999016,33.585802197935784,0 -79.08308206496774,33.59082847705784,0 -79.0825561478037,33.59585504904905,0 -79.08099020824933,33.60072917093517,0 -79.07843166819717,33.6053027070065,0 -79.07495814992085,33.6094366344186,0 -79.07067513179028,33.61300527435527,0 -79.06571275096621,33.61590011934598,0 -79.06022184929606,33.61803313940466,0 -79.05436938254194,33.61933946542307,0 -79.04833333333333,33.619779367239104,0
					</coordinates>
				</LinearRing>
			</outerBoundaryIs>
		</Polygon>
	</Placemark>
	<Placemark>
		<name>SUMTER (45-000352)</name>
		<styleUrl>#redCircle</styleUrl>
		<Polygon>
			<outerBoundaryIs>
				<LinearRing>
					<coordinates>
						-80.27055,33.910043256128,0 -80.2644934726671,33.90960335269577,0 -80.2586211526112,33.908297022023916,0 -80.25311162798448,33.90616399483634,0 -80.24813242209692,33.90326914110186,0 -80.24383488891904,33.899700491861914,0 -80.2403496066408,33.89556655570975,0 -80.23778241016787,33.89099301251601,0 -80.23621118309305,33.88611888598418,0 -80.23568350567727,33.88109231238395,0 -80.23621522855426,33.8760660348831,0 -80.2377900131483,33.8711927609355,0 -80.24035985010929,33.86662052397668,0 -80.24384653736253,33.86248819015899,0 -80.24814407054139,33.85892124608799,0 -80.25312187145543,33.856027994688354,0 -80.25862875559444,33.85389627373625,0 -80.26449751813017,33.85259079564911,0 -80.27055,33.852151188316455,0 -80.27660248186984,33.85259079564911,0 -80.28247124440557,33.85389627373625,0 -80.28797812854457,33.856027994688354,0 -80.29295592945863,33.85892124608799,0 -80.29725346263749,33.86248819015899,0 -80.30074014989073,33.86662052397668,0 -80.30330998685172,33.8711927609355,0 -80.30488477144576,33.8760660348831,0 -80.30541649432274,33.88109231238395,0 -80.30488881690697,33.88611888598418,0 -80.30331758983213,33.89099301251601,0 -80.30075039335921,33.89556655570975,0 -80.29726511108097,33.899700491861914,0 -80.29296757790308,33.90326914110186,0 -80.28798837201553,33.90616399483634,0 -80.28247884738882,33.908297022023916,0 -80.2766065273329,33.90960335269577,0 -80.27055,33.910043256128,0
					</coordinates>
				</LinearRing>
			</outerBoundaryIs>
		</Polygon>
	</Placemark>
	<Placemark>
		<name>EASTOVER (45-000644)</name>
		<styleUrl>#redCircle</styleUrl>
		<Polygon>
			<outerBoundaryIs>
				<LinearRing>
					<coordinates>
						-80.68166666666667,34.08033492279466,0 -80.6755979877803,34.07989501840912,0 -80.66971388693483,34.078588684992425,0 -80.6641933115942,34.076455653599865,0 -80.65920412184626,34.07356079470786,0 -80.6548979755511,34.069992139980386,0 -80.65140571260203,34.0658581986729,0 -80.64883337947057,34.06128465127804,0 -80.64725901481495,34.056410522005976,0 -80.64673029287145,34.05138394745669,0 -80.64726309446806,34.04635767091213,0 -80.64884104671077,34.04148439971052,0 -80.65141604264745,34.03691216695596,0 -80.65490972244628,34.032779838293685,0 -80.65921586874242,34.0292128997076,0 -80.66420364164216,34.02631965346119,0 -80.66972155417787,34.02418793670949,0 -80.67560206743529,34.022882461363736,0 -80.68166666666667,34.02244285498312,0 -80.68773126589805,34.022882461363736,0 -80.69361177915546,34.02418793670949,0 -80.69912969169118,34.02631965346119,0 -80.70411746459091,34.0292128997076,0 -80.70842361088707,34.032779838293685,0 -80.71191729068588,34.03691216695596,0 -80.71449228662256,34.04148439971052,0 -80.71607023886529,34.04635767091213,0 -80.71660304046188,34.05138394745669,0 -80.7160743185184,34.056410522005976,0 -80.71449995386276,34.06128465127804,0 -80.7119276207313,34.0658581986729,0 -80.70843535778224,34.069992139980386,0 -80.70412921148709,34.07356079470786,0 -80.69914002173913,34.076455653599865,0 -80.69361944639851,34.078588684992425,0 -80.68773534555305,34.07989501840912,0 -80.68166666666667,34.08033492279466,0
					</coordinates>
				</LinearRing>
			</outerBoundaryIs>
		</Polygon>
	</Placemark>
	<Placemark>
		<name>COLUMBIA (45-000654)</name>
		<styleUrl>#redCircle</styleUrl>
		<Polygon>
			<outerBoundaryIs>
				<LinearRing>
					<coordinates>
						-80.76388888888889,34.126168256128,0 -80.75781692195675,34.12572835148522,0 -80.75192963338912,34.12442201732788,0 -80.74640606787482,34.122288984800676,0 -80.74141417662908,34.11939412451701,0 -80.73710569974044,34.11582546830882,0 -80.73361154791563,34.11169152561026,0 -80.73103782487304,34.107117977081806,0 -80.72946261122952,34.10224384707034,0 -80.72893360665005,34.097217272264984,0 -80.72946670013276,34.09219099597846,0 -80.73104550949773,34.08731772551781,0 -80.73362190138316,34.0827454938977,0 -80.73711747327027,34.078613166626525,0 -80.7414259501599,34.075046229520446,0 -80.74641642134489,34.07215298466453,0 -80.75193731801672,34.07002126904622,0 -80.75782101086185,34.06871579444018,0 -80.76388888888889,34.06827618831645,0 -80.76995676691593,34.06871579444018,0 -80.77584045976106,34.07002126904622,0 -80.78136135643288,34.07215298466453,0 -80.78635182761788,34.075046229520446,0 -80.7906603045075,34.078613166626525,0 -80.79415587639461,34.0827454938977,0 -80.79673226828004,34.08731772551781,0 -80.79831107764501,34.09219099597846,0 -80.79884417112773,34.097217272264984,0 -80.79831516654825,34.10224384707034,0 -80.79673995290473,34.107117977081806,0 -80.79416622986214,34.11169152561026,0 -80.79067207803732,34.11582546830882,0 -80.7863636011487,34.11939412451701,0 -80.78137170990296,34.122288984800676,0 -80.77584814438865,34.12442201732788,0 -80.76996085582103,34.12572835148522,0 -80.76388888888889,34.126168256128,0
					</coordinates>
				</LinearRing>
			</outerBoundaryIs>
		</Polygon>
	</Placemark>
	<Placemark>
		<name>ELGIN (45-001930)</name>
		<styleUrl>#redCircle</styleUrl>
		<Polygon>
			<outerBoundaryIs>
				<LinearRing>
					<coordinates>
						-80.76386388888889,34.14517658946132,0 -80.75779055612853,34.144736684711795,0 -80.75190194340632,34.14343035024704,0 -80.74637713579745,34.14129731724892,0 -80.74138412237083,34.138402456387645,0 -80.73707467737204,34.134833799564895,0 -80.73357974092305,34.13069985628898,0 -80.73100544052224,34.126126307290036,0 -80.72942987421577,34.12125217697169,0 -80.72890075223141,34.11622560206004,0 -80.72943396696121,34.11119932588062,0 -80.73101313236796,34.10632605572749,0 -80.73359010411941,34.101753824578225,0 -80.73708646196506,34.09762149788442,0 -80.74139590696487,34.09405456139261,0 -80.74638749899636,34.09116131711381,0 -80.75190963525492,34.089029601965926,0 -80.75779464887584,34.087724127666895,0 -80.76386388888889,34.08728452164979,0 -80.76993312890193,34.087724127666895,0 -80.77581814252287,34.089029601965926,0 -80.78134027878141,34.09116131711381,0 -80.7863318708129,34.09405456139261,0 -80.7906413158127,34.09762149788442,0 -80.79413767365835,34.101753824578225,0 -80.79671464540982,34.10632605572749,0 -80.79829381081656,34.11119932588062,0 -80.79882702554636,34.11622560206004,0 -80.798297903562,34.12125217697169,0 -80.79672233725553,34.126126307290036,0 -80.79414803685474,34.13069985628898,0 -80.79065310040575,34.134833799564895,0 -80.78634365540695,34.138402456387645,0 -80.78135064198032,34.14129731724892,0 -80.77582583437146,34.14343035024704,0 -80.76993722164924,34.144736684711795,0 -80.76386388888889,34.14517658946132,0
					</coordinates>
				</LinearRing>
			</outerBoundaryIs>
		</Polygon>
	</Placemark>
	<Placemark>
		<name>DENTSVILLE (45-000176)</name>
		<styleUrl>#redCircle</styleUrl>
		<Polygon>
			<outerBoundaryIs>
				<LinearRing>
					<coordinates>
						-80.93691666666668,34.1476043672391,0 -80.93084315936792,34.14716446247592,0 -80.92495437743278,34.145858127971906,0 -80.9194294110974,34.14372509491361,0 -80.91443625426793,34.14083023397855,0 -80.9101266855549,34.13726157707728,0 -80.90663164883925,34.133127633727604,0 -80.90405727465817,34.12855408466856,0 -80.90248166328512,34.123679954311,0 -80.90195252629766,34.118653379385776,0 -80.90248575652154,34.11362710322004,0 -80.90406496742665,34.1087538331062,0 -80.90664201327886,34.104181602017086,0 -80.91013847156168,34.10004927539704,0 -80.91444804027572,34.0964823389837,0 -80.91943977553952,34.09358909477863,0 -80.92496207020413,34.091457379690844,0 -80.93084725260624,34.09015190543104,0 -80.93691666666668,34.08971229942755,0 -80.94298608072711,34.09015190543104,0 -80.94887126312922,34.091457379690844,0 -80.95439355779384,34.09358909477863,0 -80.95938529305764,34.0964823389837,0 -80.96369486177166,34.10004927539704,0 -80.9671913200545,34.104181602017086,0 -80.9697683659067,34.1087538331062,0 -80.97134757681181,34.11362710322004,0 -80.97188080703569,34.118653379385776,0 -80.97135167004824,34.123679954311,0 -80.96977605867517,34.12855408466856,0 -80.9672016844941,34.133127633727604,0 -80.96370664777845,34.13726157707728,0 -80.95939707906543,34.14083023397855,0 -80.95440392223595,34.14372509491361,0 -80.94887895590057,34.145858127971906,0 -80.94299017396541,34.14716446247592,0 -80.93691666666668,34.1476043672391,0
					</coordinates>
				</LinearRing>
			</outerBoundaryIs>
		</Polygon>
	</Placemark>
	<Placemark>
		<name>COLUMBIA (45-000079)</name>
		<styleUrl>#redCircle</styleUrl>
		<Polygon>
			<outerBoundaryIs>
				<LinearRing>
					<coordinates>
						-80.75611111111111,34.15394603390577,0 -80.75003714779695,34.15350612910696,0 -80.74414792376018,34.15219979450035,0 -80.7386225427209,34.15006676128489,0 -80.73362901122371,34.14717190015705,0 -80.72931911928323,34.14360324305068,0 -80.72582382060145,34.13946929950832,0 -80.7232492536551,34.13489575029224,0 -80.7216735245368,34.13002161983226,0 -80.72114434835082,34.12499504487156,0 -80.72167761905602,34.11996876874157,0 -80.72325694883442,34.11509549873037,0 -80.72583418828918,34.11052326779839,0 -80.72933090898366,34.10639094137104,0 -80.73364080092514,34.102824005162724,0 -80.73863291041117,34.09993076115026,0 -80.74415561894239,34.097799046219464,0 -80.75004124231805,34.09649357206212,0 -80.75611111111111,34.096053966094225,0 -80.76218097990416,34.09649357206212,0 -80.76806660327982,34.097799046219464,0 -80.77358931181104,34.09993076115026,0 -80.77858142129708,34.102824005162724,0 -80.78289131323857,34.10639094137104,0 -80.78638803393302,34.11052326779839,0 -80.78896527338779,34.11509549873037,0 -80.7905446031662,34.11996876874157,0 -80.79107787387139,34.12499504487156,0 -80.79054869768541,34.13002161983226,0 -80.78897296856711,34.13489575029224,0 -80.78639840162076,34.13946929950832,0 -80.78290310293899,34.14360324305068,0 -80.77859321099851,34.14717190015705,0 -80.7735996795013,34.15006676128489,0 -80.76807429846204,34.15219979450035,0 -80.76218507442526,34.15350612910696,0 -80.75611111111111,34.15394603390577,0
					</coordinates>
				</LinearRing>
			</outerBoundaryIs>
		</Polygon>
	</Placemark>
	<Placemark>
		<name>BLYTHEWOOD (45-000572)</name>
		<styleUrl>#redCircle</styleUrl>
		<Polygon>
			<outerBoundaryIs>
				<LinearRing>
					<coordinates>
						-80.90722222222223,34.180057145016875,0 -80.90114637980909,34.17961724007131,0 -80.89525533400766,34.17831090504211,0 -80.88972824410148,34.17617787117926,0 -80.88473316871392,34.17328300925741,0 -80.88042194485267,34.16971435130621,0 -80.87692556668915,34.16558040697016,0 -80.8743502054164,34.1610068571073,0 -80.87277399110617,34.156132726225465,0 -80.87224465339507,34.15110615111866,0 -80.87277809091123,34.14607987513589,0 -80.87435791052984,34.14120660554746,0 -80.8769359477611,34.136634375262744,0 -80.88043374977305,34.13250204962909,0 -80.88474497363532,34.12893511426519,0 -80.88973862517597,34.12604187104609,0 -80.89526303912399,34.123910156761966,0 -80.90115047961604,34.122604683026665,0 -80.90722222222223,34.12216507720534,0 -80.91329396482843,34.122604683026665,0 -80.91918140532046,34.123910156761966,0 -80.9247058192685,34.12604187104609,0 -80.92969947080914,34.12893511426519,0 -80.9340106946714,34.13250204962909,0 -80.93750849668335,34.136634375262744,0 -80.94008653391461,34.14120660554746,0 -80.94166635353322,34.14607987513589,0 -80.94219979104938,34.15110615111866,0 -80.94167045333828,34.156132726225465,0 -80.94009423902806,34.1610068571073,0 -80.9375188777553,34.16558040697016,0 -80.93402249959179,34.16971435130621,0 -80.92971127573054,34.17328300925741,0 -80.92471620034297,34.17617787117926,0 -80.91918911043679,34.17831090504211,0 -80.91329806463537,34.17961724007131,0 -80.90722222222223,34.180057145016875,0
					</coordinates>
				</LinearRing>
			</outerBoundaryIs>
		</Polygon>
	</Placemark>
	<Placemark>
		<name>MULLINS (45-001372)</name>
		<styleUrl>#redCircle</styleUrl>
		<Polygon>
			<outerBoundaryIs>
				<LinearRing>
					<coordinates>
						-79.18283055555555,34.21766547835021,0 -79.17675200237645,34.21722557319308,0 -79.17085832851888,34.21591923755477,0 -79.16532877342146,34.21378620275881,0 -79.16033147083584,34.21089133969244,0 -79.15601832556132,34.2073226805235,0 -79.15252039015006,34.203188735043426,0 -79.14994388299122,34.1986151842483,0 -79.14836696874866,34.19374105275838,0 -79.14783739802311,34.18871447744097,0 -79.14837107617863,34.18368820167042,0 -79.14995160243481,34.17881493269135,0 -79.15253079052896,34.174242703339615,0 -79.15603015243676,34.17011037885,0 -79.1603432977123,34.16654344470326,0 -79.1653391738029,34.16365020262771,0 -79.17086604796538,34.1615184892757,0 -79.17675610980831,34.16021301614874,0 -79.18283055555555,34.15977341053867,0 -79.1889050013028,34.16021301614874,0 -79.19479506314575,34.1615184892757,0 -79.20032193730822,34.16365020262771,0 -79.2053178133988,34.16654344470326,0 -79.20963095867435,34.17011037885,0 -79.21313032058215,34.174242703339615,0 -79.2157095086763,34.17881493269135,0 -79.21729003493249,34.18368820167042,0 -79.217823713088,34.18871447744097,0 -79.21729414236245,34.19374105275838,0 -79.2157172281199,34.1986151842483,0 -79.21314072096105,34.203188735043426,0 -79.2096427855498,34.2073226805235,0 -79.20532964027528,34.21089133969244,0 -79.20033233768966,34.21378620275881,0 -79.19480278259223,34.21591923755477,0 -79.18890910873466,34.21722557319308,0 -79.18283055555555,34.21766547835021,0
					</coordinates>
				</LinearRing>
			</outerBoundaryIs>
		</Polygon>
	</Placemark>
	<Placemark>
		<name>DILLON (45-000502)</name>
		<styleUrl>#redCircle</styleUrl>
		<Polygon>
			<outerBoundaryIs>
				<LinearRing>
					<coordinates>
						-79.33,34.39644603390577,0 -79.32390849142243,34.396006127740385,0 -79.31800225745617,34.39469978919905,0 -79.31246092061991,34.39256674995577,0 -79.30745297372113,34.38967188143465,0 -79.30313064555133,34.386103216461954,0 -79.29962526767832,34.381969265529506,0 -79.29704328405305,34.377395710291204,0 -79.29546302466338,34.37252157590318,0 -79.29493234030309,34.36749499958207,0 -79.29546716852893,34.36246872482298,0 -79.29705107197316,34.35759545874815,0 -79.29963576031541,34.353023233842954,0 -79.30314257733895,34.34889091480583,0 -79.30746490550976,34.34532398646005,0 -79.31247141325957,34.34243074983463,0 -79.31801004537924,34.340299040925025,0 -79.32391263528991,34.338993570697404,0 -79.33,34.338553966094224,0 -79.3360873647101,34.338993570697404,0 -79.34198995462077,34.340299040925025,0 -79.34752858674042,34.34243074983463,0 -79.35253509449025,34.34532398646005,0 -79.35685742266107,34.34889091480583,0 -79.36036423968459,34.353023233842954,0 -79.36294892802684,34.35759545874815,0 -79.36453283147107,34.362468724822975,0 -79.3650676596969,34.36749499958207,0 -79.36453697533663,34.37252157590317,0 -79.36295671594695,34.377395710291204,0 -79.36037473232167,34.381969265529506,0 -79.35686935444868,34.386103216461954,0 -79.35254702627887,34.38967188143465,0 -79.3475390793801,34.39256674995577,0 -79.34199774254382,34.39469978919905,0 -79.33609150857758,34.396006127740385,0 -79.33,34.39644603390577,0
					</coordinates>
				</LinearRing>
			</outerBoundaryIs>
		</Polygon>
	</Placemark>
	<Placemark>
		<name>DILLON (45-000481)</name>
		<styleUrl>#redCircle</styleUrl>
		<Polygon>
			<outerBoundaryIs>
				<LinearRing>
					<coordinates>
						-79.32222222222222,34.397001589461325,0 -79.31613067320754,34.39656168329281,0 -79.31022440003797,34.39525534474244,0 -79.30468302642788,34.39312230548529,0 -79.29967504630548,34.3902274369472,0 -79.29535268947352,34.386658771956434,0 -79.29184728837068,34.382524821007,0 -79.28926528765194,34.37795126575485,0 -79.28768501782119,34.37307713135781,0 -79.28715432998496,34.368050555033584,0 -79.28768916180047,34.363024280277635,0 -79.28927307578577,34.35815101421186,0 -79.29185778129568,34.3535787893205,0 -79.29536462158855,34.34944647030036,0 -79.29968697842153,34.34587954197264,0 -79.30469351935548,34.34298630536419,0 -79.31023218817474,34.34085459646842,0 -79.31613481718874,34.339549126249835,0 -79.32222222222222,34.33910952164979,0 -79.3283096272557,34.339549126249835,0 -79.33421225626971,34.34085459646842,0 -79.33975092508896,34.34298630536419,0 -79.34475746602291,34.34587954197264,0 -79.3490798228559,34.34944647030036,0 -79.35258666314877,34.3535787893205,0 -79.35517136865867,34.35815101421186,0 -79.35675528264397,34.363024280277635,0 -79.35729011445949,34.368050555033584,0 -79.35675942662326,34.37307713135781,0 -79.3551791567925,34.37795126575485,0 -79.35259715607377,34.382524821007,0 -79.34909175497093,34.386658771956434,0 -79.34476939813896,34.3902274369472,0 -79.33976141801656,34.39312230548529,0 -79.33422004440648,34.39525534474244,0 -79.3283137712369,34.39656168329281,0 -79.32222222222222,34.397001589461325,0
					</coordinates>
				</LinearRing>
			</outerBoundaryIs>
		</Polygon>
	</Placemark>
	<Placemark>
		<name>WINDSOR (51-000784)</name>
		<styleUrl>#redCircle</styleUrl>
		<Polygon>
			<outerBoundaryIs>
				<LinearRing>
					<coordinates>
						-76.75530555555555,36.83147381168355,0 -76.74902571653067,36.83103389133506,0 -76.74293689837336,36.82972751195692,0 -76.73722429236892,36.82759441015355,0 -76.73206161085562,36.82469946490161,0 -76.72760579244347,36.82113071828924,0 -76.72399222470334,36.81699669066076,0 -76.72133063054225,36.81242307292348,0 -76.71970174323981,36.80754889777139,0 -76.71915487008603,36.80252230733458,0 -76.71970641662543,36.79749604680573,0 -76.72133941363462,36.792622821585844,0 -76.72400405813252,36.78805065922924,0 -76.72761924892382,36.78391841688965,0 -76.73207506733723,36.78035157014226,0 -76.73723612580129,36.77745841017965,0 -76.74294568146937,36.77532676375764,0 -76.74903038991867,36.77402133431229,0 -76.75530555555555,36.773581743872015,0 -76.76158072119244,36.77402133431229,0 -76.76766542964175,36.77532676375764,0 -76.77337498530983,36.77745841017965,0 -76.77853604377388,36.78035157014226,0 -76.7829918621873,36.78391841688965,0 -76.7866070529786,36.78805065922924,0 -76.7892716974765,36.792622821585844,0 -76.79090469448569,36.79749604680573,0 -76.79145624102509,36.80252230733458,0 -76.79090936787131,36.80754889777139,0 -76.78928048056886,36.81242307292348,0 -76.78661888640778,36.81699669066076,0 -76.78300531866765,36.82113071828924,0 -76.7785495002555,36.82469946490161,0 -76.7733868187422,36.82759441015355,0 -76.76767421273776,36.82972751195692,0 -76.76158539458045,36.83103389133506,0 -76.75530555555555,36.83147381168355,0
					</coordinates>
				</LinearRing>
			</outerBoundaryIs>
		</Polygon>
	</Placemark>
	<Placemark>
		<name>SUFFOLK (51-001802)</name>
		<styleUrl>#redCircle</styleUrl>
		<Polygon>
			<outerBoundaryIs>
				<LinearRing>
					<coordinates>
						-76.50313888888888,36.83777381168354,0 -76.49685853263662,36.83733389129721,0 -76.49076921303343,36.83602751181009,0 -76.48505613665863,36.8338944098398,0 -76.47989303018538,36.830999464383126,0 -76.47543684515865,36.82743071755292,0 -76.47182298028861,36.823296689719804,0 -76.46916116748754,36.818723071815775,0 -76.46753214663526,36.81384889655492,0 -76.4669852290218,36.80882230608046,0 -76.46753682147686,36.80379604558959,0 -76.46916995331627,36.79892282047871,0 -76.47183481740447,36.79435065828901,0 -76.47545030583134,36.79021841615405,0 -76.47990649085934,36.786651569624375,0 -76.48506797377769,36.783758409866316,0 -76.49077799886578,36.78162676361104,0 -76.4968632074806,36.780321334274475,0 -76.50313888888888,36.77988174387199,0 -76.50941457029717,36.780321334274475,0 -76.51549977891197,36.78162676361104,0 -76.52120980400008,36.783758409866316,0 -76.52637128691842,36.786651569624375,0 -76.53082747194641,36.79021841615405,0 -76.53444296037328,36.79435065828901,0 -76.5371078244615,36.79892282047871,0 -76.5387409563009,36.80379604558959,0 -76.53929254875597,36.80882230608046,0 -76.5387456311425,36.81384889655492,0 -76.53711661029023,36.818723071815775,0 -76.53445479748915,36.823296689719804,0 -76.53084093261911,36.82743071755292,0 -76.52638474759237,36.830999464383126,0 -76.52122164111913,36.8338944098398,0 -76.51550856474434,36.83602751181009,0 -76.50941924514115,36.83733389129721,0 -76.50313888888888,36.83777381168354,0
					</coordinates>
				</LinearRing>
			</outerBoundaryIs>
		</Polygon>
	</Placemark>
	<Placemark>
		<name>PORTSMOUTH (51-000366)</name>
		<styleUrl>#redCircle</styleUrl>
		<Polygon>
			<outerBoundaryIs>
				<LinearRing>
					<coordinates>
						-76.46224722222223,36.84110992279465,0 -76.45596659201138,36.840670002388286,0 -76.44987700680853,36.839363622843464,0 -76.4441636812938,36.837230520784765,0 -76.43900034973304,36.83433557521967,0 -76.43454397052244,36.8307668282741,0 -76.43092994827231,36.826632800332604,0 -76.42826801966473,36.822059182340254,0 -76.42663892807542,36.817185007021806,0 -76.42609198691311,36.81215841652739,0 -76.4266436036882,36.80713215605664,0 -76.4282768069428,36.80225893100349,0 -76.4309417873409,36.79768676890218,0 -76.43455743341569,36.793554526875596,0 -76.43901381262755,36.78998768046124,0 -76.4441755203656,36.78709452081151,0 -76.44988579409028,36.78496287464451,0 -76.45597126762655,36.78365744536559,0 -76.46224722222223,36.78321785498312,0 -76.46852317681791,36.78365744536559,0 -76.47460865035418,36.78496287464451,0 -76.48031892407886,36.78709452081151,0 -76.48548063181691,36.78998768046124,0 -76.48993701102877,36.793554526875596,0 -76.49355265710356,36.79768676890218,0 -76.49621763750166,36.80225893100349,0 -76.49785084075626,36.80713215605664,0 -76.49840245753136,36.81215841652739,0 -76.49785551636904,36.817185007021806,0 -76.49622642477975,36.822059182340254,0 -76.49356449617217,36.826632800332604,0 -76.48995047392204,36.8307668282741,0 -76.48549409471143,36.83433557521967,0 -76.48033076315068,36.837230520784765,0 -76.47461743763593,36.839363622843464,0 -76.46852785243308,36.840670002388286,0 -76.46224722222223,36.84110992279465,0
					</coordinates>
				</LinearRing>
			</outerBoundaryIs>
		</Polygon>
	</Placemark>
	<Placemark>
		<name>SUFFOLK (51-000021)</name>
		<styleUrl>#redCircle</styleUrl>
		<Polygon>
			<outerBoundaryIs>
				<LinearRing>
					<coordinates>
						-76.4653888888889,36.84509603390577,0 -76.45910793128276,36.844656113475445,0 -76.453018028674,36.843349733861665,0 -76.4473044054236,36.84121663169733,0 -76.44214080487109,36.838321686002665,0 -76.43768419360028,36.834752938919245,0 -76.43406998327248,36.83061891084824,0 -76.43140791626983,36.82604529275036,0 -76.42977874014599,36.82117111736308,0 -76.42923177084154,36.81614452684484,0 -76.42978341668041,36.81111826639812,0 -76.43141670528001,36.80624504141396,0 -76.4340818246747,36.80167287941826,0 -76.43769765914726,36.797540637521195,0 -76.44215427041932,36.79397379124462,0 -76.44731624682902,36.791080631724334,0 -76.45302681768781,36.78894898566285,0 -76.45911260781955,36.78764355645279,0 -76.4653888888889,36.787203966094225,0 -76.47166516995826,36.78764355645279,0 -76.47775096008998,36.78894898566285,0 -76.48346153094879,36.791080631724334,0 -76.48862350735848,36.79397379124462,0 -76.49308011863054,36.797540637521195,0 -76.49669595310309,36.80167287941826,0 -76.49936107249779,36.80624504141396,0 -76.5009943610974,36.81111826639812,0 -76.50154600693627,36.81614452684484,0 -76.50099903763181,36.82117111736308,0 -76.49936986150796,36.82604529275036,0 -76.49670779450533,36.83061891084824,0 -76.49309358417752,36.834752938919245,0 -76.48863697290672,36.838321686002665,0 -76.48347337235421,36.84121663169733,0 -76.4777597491038,36.843349733861665,0 -76.47166984649505,36.844656113475445,0 -76.4653888888889,36.84509603390577,0
					</coordinates>
				</LinearRing>
			</outerBoundaryIs>
		</Polygon>
	</Placemark>
	<Placemark>
		<name>SUFFOLK (51-000367)</name>
		<styleUrl>#redCircle</styleUrl>
		<Polygon>
			<outerBoundaryIs>
				<LinearRing>
					<coordinates>
						-76.46855555555555,36.845612700572445,0 -76.46227455550877,36.845172780139016,0 -76.45618461175432,36.8438664005163,0 -76.4504709499081,36.84173329833827,0 -76.44530731448587,36.83883835262681,0 -76.44085067313284,36.83526960552551,0 -76.4372364384243,36.83113557743772,0 -76.43457435348137,36.82656195932617,0 -76.43294516639921,36.82168778392997,0 -76.43239819344666,36.816661193408635,0 -76.4329498430531,36.81163493296503,0 -76.43458314271608,36.80676170798981,0 -76.43724828012905,36.80218954600781,0 -76.44086413902383,36.79805730412753,0 -76.44532078037813,36.794490457868804,0 -76.45048279161604,36.7915972983653,0 -76.45619340099267,36.7894656523175,0 -76.46227923216505,36.788160223116364,0 -76.46855555555555,36.7877206327609,0 -76.47483187894606,36.788160223116364,0 -76.48091771011842,36.7894656523175,0 -76.48662831949507,36.7915972983653,0 -76.49179033073297,36.794490457868804,0 -76.49624697208728,36.79805730412753,0 -76.49986283098205,36.80218954600781,0 -76.50252796839503,36.80676170798981,0 -76.504161268058,36.81163493296503,0 -76.50471291766445,36.816661193408635,0 -76.5041659447119,36.82168778392997,0 -76.50253675762974,36.82656195932617,0 -76.49987467268679,36.83113557743772,0 -76.49626043797826,36.83526960552551,0 -76.49180379662523,36.83883835262681,0 -76.48664016120301,36.84173329833827,0 -76.48092649935678,36.8438664005163,0 -76.47483655560234,36.845172780139016,0 -76.46855555555555,36.845612700572445,0
					</coordinates>
				</LinearRing>
			</outerBoundaryIs>
		</Polygon>
	</Placemark>
	<Placemark>
		<name>PORTSMOUTH NORF (51-000029)</name>
		<styleUrl>#redCircle</styleUrl>
		<Polygon>
			<outerBoundaryIs>
				<LinearRing>
					<coordinates>
						-76.51055555555556,36.85005714501689,0 -76.50427419038328,36.84961722455676,0 -76.49818389264397,36.84831084485714,0 -76.49246989874996,36.84617774256131,0 -76.48730596333647,36.84328279670537,0 -76.48284906317981,36.83971404945035,0 -76.47923461871886,36.83558002121813,0 -76.47657237943174,36.831006402988905,0 -76.474943098073,36.82613222751595,0 -76.47439609373511,36.82110563696804,0 -76.47494777575474,36.81607937655124,0 -76.4765811705982,36.81120615165295,0 -76.47924646302621,36.80663398978873,0 -76.48286253203037,36.80250174805286,0 -76.48731943218829,36.79893490194778,0 -76.49248174306052,36.79604174258863,0 -76.49819268381405,36.793910096658486,0 -76.50427886806742,36.79260466753414,0 -76.51055555555556,36.79216507720535,0 -76.51683224304371,36.79260466753414,0 -76.52291842729706,36.793910096658486,0 -76.52862936805059,36.79604174258863,0 -76.53379167892282,36.79893490194778,0 -76.53824857908074,36.80250174805286,0 -76.5418646480849,36.80663398978873,0 -76.54452994051293,36.81120615165295,0 -76.54616333535638,36.81607937655124,0 -76.546715017376,36.82110563696804,0 -76.54616801303813,36.82613222751595,0 -76.54453873167937,36.831006402988905,0 -76.54187649239225,36.83558002121813,0 -76.5382620479313,36.83971404945035,0 -76.53380514777464,36.84328279670537,0 -76.52864121236115,36.84617774256131,0 -76.52292721846715,36.84831084485714,0 -76.51683692072783,36.84961722455676,0 -76.51055555555556,36.85005714501689,0
					</coordinates>
				</LinearRing>
			</outerBoundaryIs>
		</Polygon>
	</Placemark>
	<Placemark>
		<name>BLACKSTONE (51-001168)</name>
		<styleUrl>#redCircle</styleUrl>
		<Polygon>
			<outerBoundaryIs>
				<LinearRing>
					<coordinates>
						-77.95468611111112,37.19959881168354,0 -77.94837577710668,37.19915888911319,0 -77.94225739442571,37.19785250333773,0 -77.93651705606877,37.19571939173402,0 -77.93132931953835,37.192824434461926,0 -77.92685188607209,37.18925567506052,0 -77.9232207999982,37.1851216354176,0 -77.92054631515694,37.180548007890074,0 -77.91890955396879,37.17567382635266,0 -77.91836005955565,37.170647233705076,0 -77.91891431323148,37.165620975405865,0 -77.92055525964545,37.16074775658627,0 -77.92323285087586,37.15617560402812,0 -77.92686558982575,37.1520433737032,0 -77.93134302329332,37.14847653973804,0 -77.93652910694973,37.1455833917844,0 -77.94226633891797,37.14345175515078,0 -77.94838053637184,37.14214633209374,0 -77.95468611111112,37.141706743872,0 -77.96099168585039,37.14214633209374,0 -77.96710588330426,37.14345175515078,0 -77.97284311527251,37.1455833917844,0 -77.97802919892891,37.14847653973804,0 -77.98250663239648,37.1520433737032,0 -77.98613937134637,37.15617560402812,0 -77.98881696257678,37.16074775658627,0 -77.99045790899075,37.165620975405865,0 -77.99101216266658,37.170647233705076,0 -77.99046266825344,37.17567382635266,0 -77.98882590706529,37.180548007890074,0 -77.98615142222403,37.1851216354176,0 -77.98252033615015,37.18925567506052,0 -77.97804290268388,37.192824434461926,0 -77.97285516615347,37.19571939173402,0 -77.96711482779652,37.19785250333773,0 -77.96099644511555,37.19915888911319,0 -77.95468611111112,37.19959881168354,0
					</coordinates>
				</LinearRing>
			</outerBoundaryIs>
		</Polygon>
	</Placemark>
	<Placemark>
		<name>THAXTON (51-000697)</name>
		<styleUrl>#redCircle</styleUrl>
		<Polygon>
			<outerBoundaryIs>
				<LinearRing>
					<coordinates>
						-79.63416666666667,37.34366825612799,0 -79.62784424609083,37.343228332682195,0 -79.62171414562215,37.34192194438609,0 -79.61596281565352,37.339788828920895,0 -79.61076514866562,37.33689386691267,0 -79.60627914816091,37.33332510247221,0 -79.6026411187707,37.329191058095454,0 -79.59996152476792,37.32461742671043,0 -79.59832164280668,37.31974324265715,0 -79.59777110947869,37.31471664913853,0 -79.59832643612756,37.309690391717865,0 -79.5999705332649,37.3048171754201,0 -79.60265325588674,37.30024502672267,0 -79.60629294998127,37.2961128011317,0 -79.61077895048729,37.2925459722029,0 -79.6159749527729,37.28965282898092,0 -79.62172315412295,37.28752119620403,0 -79.62784903941422,37.28621577566406,0 -79.63416666666667,37.285776188316454,0 -79.64048429391913,37.28621577566406,0 -79.6466101792104,37.28752119620403,0 -79.65235838056043,37.28965282898092,0 -79.65755438284606,37.2925459722029,0 -79.66204038335208,37.2961128011317,0 -79.66568007744661,37.30024502672267,0 -79.66836280006845,37.3048171754201,0 -79.67000689720578,37.309690391717865,0 -79.67056222385466,37.31471664913853,0 -79.67001169052666,37.31974324265715,0 -79.66837180856542,37.32461742671043,0 -79.66569221456263,37.329191058095454,0 -79.66205418517242,37.33332510247221,0 -79.65756818466772,37.33689386691267,0 -79.65237051767981,37.339788828920895,0 -79.6466191877112,37.34192194438609,0 -79.64048908724251,37.343228332682195,0 -79.63416666666667,37.34366825612799,0
					</coordinates>
				</LinearRing>
			</outerBoundaryIs>
		</Polygon>
	</Placemark>
	<Placemark>
		<name>MIDLOTHIAN (51-000934)</name>
		<styleUrl>#redCircle</styleUrl>
		<Polygon>
			<outerBoundaryIs>
				<LinearRing>
					<coordinates>
						-77.6975,37.53311270057244,0 -77.69116155437342,37.532672775970326,0 -77.68501591780893,37.53136638434493,0 -77.67925001455092,37.52923326377947,0 -77.67403918121337,37.52633829551573,0 -77.6695418220585,37.52276952441965,0 -77.6658945868417,37.51863547379041,0 -77.66320821883869,37.514061837310436,0 -77.66156419919412,37.5091876499342,0 -77.66101228842605,37.50416105526515,0 -77.6615690376918,37.49913479900489,0 -77.66321731224028,37.494261586037986,0 -77.6659068383494,37.489689442439854,0 -77.6695557539603,37.48555722310148,0 -77.6740531131165,37.4819904008247,0 -77.67926226606203,37.4790972638523,0 -77.68502501121438,37.476965636169396,0 -77.69116639287363,37.475660218953955,0 -77.6975,37.475220632760895,0 -77.70383360712638,37.475660218953955,0 -77.70997498878562,37.476965636169396,0 -77.71573773393798,37.4790972638523,0 -77.7209468868835,37.4819904008247,0 -77.72544424603971,37.48555722310148,0 -77.7290931616506,37.489689442439854,0 -77.73178268775973,37.494261586037986,0 -77.7334309623082,37.49913479900489,0 -77.73398771157395,37.50416105526515,0 -77.73343580080589,37.5091876499342,0 -77.7317917811613,37.514061837310436,0 -77.7291054131583,37.51863547379041,0 -77.72545817794149,37.52276952441965,0 -77.72096081878664,37.52633829551573,0 -77.7157499854491,37.52923326377947,0 -77.70998408219108,37.53136638434493,0 -77.70383844562659,37.532672775970326,0 -77.6975,37.53311270057244,0
					</coordinates>
				</LinearRing>
			</outerBoundaryIs>
		</Polygon>
	</Placemark>
	<Placemark>
		<name>MIDLOTHIAN (51-001428)</name>
		<styleUrl>#redCircle</styleUrl>
		<Polygon>
			<outerBoundaryIs>
				<LinearRing>
					<coordinates>
						-77.7036138888889,37.53362658946133,0 -77.69727539958778,37.533186664856075,0 -77.69112972068139,37.531880273221624,0 -77.68536377770548,37.52974715264229,0 -77.68015290848452,37.52685218436154,0 -77.6756555183729,37.52328341324736,0 -77.67200825806665,37.51914936260111,0 -77.66932187160187,37.51457572610728,0 -77.6676778406805,37.50970153872201,0 -77.6671259261584,37.50467494404983,0 -77.66768267930134,37.49964868779274,0 -77.6693309652349,37.49477547483489,0 -77.6720205098862,37.49020333125061,0 -77.67566945062931,37.48607111192925,0 -77.68016684074226,37.482504289670565,0 -77.68537602952844,37.479611152715165,0 -77.6911388143183,37.4774795250461,0 -77.69728023821115,37.47617410783971,0 -77.7036138888889,37.475734521649784,0 -77.70994753956663,37.47617410783971,0 -77.7160889634595,37.4774795250461,0 -77.72185174824935,37.479611152715165,0 -77.72706093703552,37.482504289670565,0 -77.73155832714848,37.48607111192925,0 -77.73520726789158,37.49020333125061,0 -77.73789681254289,37.49477547483489,0 -77.73954509847644,37.49964868779274,0 -77.74010185161937,37.50467494404983,0 -77.73954993709728,37.50970153872201,0 -77.73790590617591,37.51457572610728,0 -77.73521951971114,37.51914936260111,0 -77.73157225940487,37.52328341324736,0 -77.72707486929328,37.52685218436154,0 -77.7218640000723,37.52974715264229,0 -77.71609805709639,37.531880273221624,0 -77.70995237819,37.533186664856075,0 -77.7036138888889,37.53362658946133,0
					</coordinates>
				</LinearRing>
			</outerBoundaryIs>
		</Polygon>
	</Placemark>
	<Placemark>
		<name>DUMFRIES (51-002454)</name>
		<styleUrl>#redCircle</styleUrl>
		<Polygon>
			<outerBoundaryIs>
				<LinearRing>
					<coordinates>
						-77.60132222222222,37.54160158946133,0 -77.59498305499737,37.54116166480726,0 -77.588836718852,37.539855273032295,0 -77.58307015936772,37.537722152237684,0 -77.57785873315764,37.5348271836929,0 -77.57336086252988,37.531258412297795,0 -77.56971321278058,37.52712436138764,0 -77.5670265397488,37.522550724678766,0 -77.5653823337872,37.517676537153235,0 -77.56483036099418,37.512649942432496,0 -77.56538717431974,37.50762368622438,0 -77.56703563697467,37.50275047340712,0 -77.56972546944075,37.49817833003809,0 -77.57337480029084,37.494046110980634,0 -77.57787267091992,37.49047928900272,0 -77.58308241603129,37.48758615231111,0 -77.58884581608173,37.48545452485705,0 -77.59498789553244,37.48414910779098,0 -77.60132222222222,37.483709521649786,0 -77.607656548912,37.48414910779098,0 -77.61379862836272,37.48545452485705,0 -77.61956202841314,37.48758615231111,0 -77.62477177352453,37.49047928900272,0 -77.62926964415361,37.494046110980634,0 -77.63291897500369,37.49817833003809,0 -77.63560880746978,37.50275047340712,0 -77.63725727012469,37.50762368622438,0 -77.63781408345027,37.512649942432496,0 -77.63726211065725,37.517676537153235,0 -77.63561790469564,37.522550724678766,0 -77.63293123166385,37.52712436138764,0 -77.62928358191456,37.531258412297795,0 -77.6247857112868,37.5348271836929,0 -77.61957428507672,37.537722152237684,0 -77.61380772559244,37.539855273032295,0 -77.60766138944707,37.54116166480726,0 -77.60132222222222,37.54160158946133,0
					</coordinates>
				</LinearRing>
			</outerBoundaryIs>
		</Polygon>
	</Placemark>
</Document>
</kml>